No,Date_upload,Day_upload,Time_upload,video,Views,Length,Likes,Dislikes,Comments,the_channel,Category,subs_view_percentage,Ratings
1,07-03-2021,Sunday,18:00:00,Annoying Things Our Boyfriends Do,16263,04:48:00,1700,42,328,Wah Banana,COMEDY,1.23,97.69
2,28-02-2021,Sunday,18:00:00,Every Asian Auntie,133345,05:02:00,5400,63,445,Wah Banana,COMEDY,9.62,98.89
3,07-02-2021,Sunday,18:00:00,If We Acted Like Out Parents During CNY,155175,05:01:00,6200,51,378,Wah Banana,COMEDY,11.86,99.20
4,31-12-2018,Monday,13:10:00,What happened in 2018,140555,02:42:00,5600,72,727,Wah Banana,COMEDY,10.65,98.74
5,27-12-2020,Sunday,15:00:00,If Pets Could Talk,179431,08:32:00,2300,322,382,Ryan Sylvia,COMEDY,17.96,88.04
6,20-12-2020,Sunday,15:00:00,Why We Hate Our Colleagues,110167,13:57:00,2300,117,143,Ryan Sylvia,COMEDY,11.02,95.38
7,22-04-2020,Wednesday,15:00:00,Singaporeans Caught Risking Their Lives During CB Period?! | Exclusive Footage!,170650,12:43:00,3400,253,351,Ryan Sylvia,COMEDY,17.07,93.09
8,13-12-2020,Sunday,15:00:00,Catching 758 Pok?ons In A Day! ft New NOC Girl,123377,16:29:00,1600,183,221,Ryan Sylvia,COMEDY,12.35,90.24
9,02-12-2020,Sunday,17:59:00,If Apps Were People Long Long Time Ago,259864,05:23:00,9500,125,603,Wah Banana,COMEDY,19.82,98.71
10,29-11-2020,Sunday,15:00:00,When My Best Friend Turns Into A SIMP,157921,11:05:00,3400,295,535,Ryan Sylvia,COMEDY,15.81,92.17
11,22-11-2020,Sunday,16:00:00,Ways To Stop Being A Bad Friend,209503,06:45:00,3600,191,248,Ryan Sylvia,COMEDY,20.96,95.08
12,08-11-2020,Sunday,15:00:00,If Singaporean Girls Were Princesses,159405,08:47:00,3600,275,322,Ryan Sylvia,COMEDY,15.96,92.88
13,25-10-2020,Sunday,15:00:00,Singaporean Advice NOBODY Asked For,159703,11:17:00,3300,160,372,Ryan Sylvia,COMEDY,15.99,95.44
14,18-10-2020,Sunday,15:00:00,Millennials VS Gen Z: Ultimate Residential Debate!!!,82784,13:06:00,1800,192,336,Ryan Sylvia,COMEDY,8.28,90.76
15,11-10-2020,Sunday,15:00:00,Lovesick Singles Go SPEED DATING In Town!,247913,12:09:00,4200,129,557,Ryan Sylvia,COMEDY,24.83,97.04
16,04-10-2020,Sunday,15:00:00,What People REALLY Think Of Singaporeans,242327,14:09:00,4800,195,521,Ryan Sylvia,COMEDY,24.27,96.1
17,13-09-2020,Sunday,15:00:00,TRUE STORY: My Dead Colleague Called And I Picked Up,193401,08:36:00,4800,202,713,Ryan Sylvia,COMEDY,19.36,96.03
18,25-11-2020,Wednesday,12:00:00,Living With Your Asian Parents,265749,03:37:00,8800,135,882,Wah Banana,COMEDY,20.25,98.49
19,30-08-2020,Sunday,18:00:00,Dumb Ways To Die In Singapore,412042,03:29:00,11000,248,819,Wah Banana,COMEDY,31.40,97.84
20,16-08-2020,Sunday,15:00:00,Ten 10 Life Lessons Scarier Than 2020,340587,11:10:00,7600,349,700,Ryan Sylvia,COMEDY,34.09,95.64
21,09-08-2020,Sunday,15:00:00,NDP Special: Live News Gone Wrong!?,161671,11:56:00,3900,195,445,Ryan Sylvia,COMEDY,16.17,95.30
22,19-07-2020,Sunday,15:00:00,Ten 10 Types Of Influencers We All Know,213319,13:16:00,4600,243,719,Ryan Sylvia,COMEDY,21.32,95.02
23,19-07-2020,Sunday,18:00:00,Too Good To Be True,537600,05:10:00,13000,229,977,Wah Banana,COMEDY,40.86,98.36
24,05-07-2020,Sunday,18:00:00,GE2020 Explained As If We Were Vikings!,114034,03:41:00,4100,95,536,Wah Banana,COMEDY,8.64,97.78
25,28-06-2020,Sunday,15:00:00,Ways To Get A New Bae This 2020!,311352,15:34:00,6000,215,632,Ryan Sylvia,COMEDY,31.15,96.55
26,07-06-2020,Sunday,15:00:00,Ten 10 Ways To Get Over A Heartbreak,452810,10:48:00,10000,546,1161,Ryan Sylvia,COMEDY,45.30,95.07
27,03-05-2020,Sunday,15:00:00,We Caught our Bosses Slacking! Stuck At Home For 24 Hours Vlog,321226,12:47:00,5100,134,535,Ryan Sylvia,COMEDY,32.14,97.45
28,03-05-2020,Sunday,17:58:00,Unexpected Commercials Part 2,438539,05:45:00,12000,234,1408,Wah Banana,COMEDY,33.28,98.19
29,26-04-2020,Sunday,15:00:00,What Type of Singaporean Are You? | Interactive Video Adventure,256880,02:02:00,3700,106,402,Ryan Sylvia,COMEDY,25.69,97.22
30,12-04-2020,Sunday,18:00:00,Fourteen 14 Netflix Shows We Recommend,328902,06:11:00,8500,209,854,Wah Banana,COMEDY,24.98,97.61
31,08-03-2020,Sunday,18:00:00,Why We Have Trust Issues,878807,04:40:00,17000,492,787,Wah Banana,COMEDY,66.72,97.19
32,16-02-2020,Sunday,18:00:00,Valentine's Day Gone Wrong,461538,04:08:00,11000,193,680,Wah Banana,COMEDY,35.00,98.31
33,22-12-2019,Sunday,17:51:00,If Santa Was Singaporean,688344,03:27:00,14000,430,976,Wah Banana,COMEDY,52.17,97.17
34,17-11-2019,Sunday,18:00:00,If We Work 1 Day A Week,1095341,05:01:00,17000,380,721,Wah Banana,COMEDY,83.05,97.86
35,03-11-2019,Sunday,17:53:00,If We Worked for IKEA,827899,05:01:00,13000,366,725,Wah Banana,COMEDY,62.76,97.33
36,13-10-2019,Sunday,18:00:00,Awkward Office Birthday Celebration,287979,03:41:00,6800,167,524,Wah Banana,COMEDY,21.82,97.63
37,06-10-2019,Sunday,18:00:00,Guy On The Reserved Seat,776232,03:01:00,14000,433,763,Wah Banana,COMEDY,58.84,97.03
38,01-09-2019,Sunday,15:00:00,What To Do When You Forget Someone's Name,477721,12:07:00,7900,184,537,Ryan Sylvia,COMEDY,47.78,97.73
39,11-08-2019,Sunday,18:00:00,If Fairytales Had Twists,879588,04:20:00,17000,337,908,Wah Banana,COMEDY,66.66,98.07
40,04-08-2019,Sunday,18:00:00,Nice People Problems,1401491,04:51:00,23000,539,867,Wah Banana,COMEDY,100,97.80
41,28-07-2019,Sunday,18:00:00,Think Too Much,1149293,05:02:00,18000,403,667,Wah Banana,COMEDY,87.12,97.85
42,14-07-2019,Sunday,17:46:00,Unexpected Commercial,670210,04:16:00,17000,292,1075,Wah Banana,COMEDY,50.79,98.32
43,23-06-2019,Sunday,15:00:00,Shit People Say To Pregnant Ladies,356265,08:55:00,6800,248,605,Ryan Sylvia,COMEDY,35.63,96.49
44,09-06-2019,Sunday,17:50:00,Eh NevermindÔºÅ,844572,03:21:00,18000,416,1197,Wah Banana,COMEDY,63.98,97.84
45,13-02-2019,Wednesday,17:51:00,Valentine's Day - Lies vs Truth,889535,05:15:00,13000,291,843,Wah Banana,COMEDY,67.42,97.94
46,05-05-2019,Sunday,18:00:00,If Your Phone Was A Bro,1579981,04:06:00,22000,636,787,Wah Banana,COMEDY,100,97.28
47,21-04-2019,Sunday,17:59:00,Avengers Recap In 8 Minutes,879432,08:19:00,16000,514,1618,Wah Banana,COMEDY,66.65,97.02
48,07-04-2019,Sunday,15:00:00,Meeting My Online Boyfriend!,486919,14:55:00,9800,404,458,Ryan Sylvia,COMEDY,48.61,96.04
49,07-04-2019,Sunday,17:58:00,The Most Inappropriate Jokes,1041693,03:44:00,17000,400,868,Wah Banana,COMEDY,78.99,97.82
50,10-02-2019,Sunday,15:00:00,The REAL Husbands of Yishun,780915,16:08:00,1535,8800,559,Ryan Sylvia,COMEDY,78.09,94.09
51,03-02-2019,Sunday,21:10:00,Eleven 11 Types of People During a Fire,10670442,10:12:00,12900,4800,11352,JianHao Tan,COMEDY,100.00,96.37
52,08-11-2018,Sunday,21:00:00,Nine 9 Ways People Deal With Rejection,2265401,07:48:00,46000,1100,4986,JianHao Tan,COMEDY,49.25,97.49
53,07-10-2018,Sunday,15:00:00,Sixteen 16 Types of Students After Exams,1613333,12:05:00,16000,1000,1913,Ryan Sylvia,COMEDY,100.00,93.93
54,30-09-2018,Sunday,17:49:00,If Everybody Was Sarcastic,1507313,02:40:00,25000,558,822,Wah Banana,COMEDY,100,97.89
55,16-09-2018,Sunday,15:00:00,If Real Life Were Like Movies,475088,08:13:00,7200,478,510,Ryan Sylvia,COMEDY,47.51,93.80
56,26-08-2018,Sunday,15:00:00,What Not To Do During the 7th Month!,365305,04:57:00,6800,215,859,Ryan Sylvia,COMEDY,36.53,96.94
57,29-07-2018,Sunday,18:06:00,Lies We Tell Ourselves,1080040,05:33:00,14000,390,935,Wah Banana,COMEDY,81.82,97.36
58,15-07-2018,Sunday,18:00:00,Entertainment Evolution,307738,06:53:00,8200,342,884,Wah Banana,COMEDY,23.31,96.03
59,01-07-2018,Sunday,15:00:00,What's Your Singaporean Dream?,659894,12:39:00,6700,337,994,Ryan Sylvia,COMEDY,65.99,95.28
60,24-06-2018,Sunday,15:00:00,Eight 8 Types of Problem Gamblers,1268209,09:04:00,10000,592,841,Ryan Sylvia,COMEDY,100.00,94.58
61,10-06-2018,Sunday,21:07:00,Nine 9 PROBLEMS ALL GAMERS FACE,7658670,05:16:00,10400,4100,11176,JianHao Tan,COMEDY,100.00,96.17
62,20-05-2018,Sunday,15:00:00,Crazy Average Singaporeans (Crazy Rich Asians Trailer Parody),909514,03:08:00,44000,388,1679,Ryan Sylvia,COMEDY,90.95,99.14
63,06-05-2018,Sunday,15:00:00,Twelve 12 Types of Classmates!,2796413,14:19:00,40000,1400,4912,Ryan Sylvia,COMEDY,100.00,96.92
64,15-04-2018,Sunday,18:00:00,Professional Habits In Parenting,1110624,03:54:00,13000,336,769,Wah Banana,COMEDY,84.13,97.64
65,15-04-2018,Sunday,15:00:00,Singapore's Next Big Model!,1440368,16:51:00,12000,678,3253,Ryan Sylvia,COMEDY,100.00,94.72
66,08-04-2018,Sunday,17:48:00,Unfortunate Moments,1246581,04:52:00,14000,379,914,Wah Banana,COMEDY,94.44,97.40
67,01-04-2018,Sunday,18:00:00,If Superstitions Were Real,1582448,04:30:00,21000,667,1340,Wah Banana,COMEDY,100,96.92
68,25-03-2018,Sunday,15:00:00,Five 5 Types of Chinese Drama Clich√©,1194653,12:45:00,21000,808,1289,Ryan Sylvia,COMEDY,100.00,96.31
69,25-02-2018,Sunday,15:00:00,Unnecessary Censorship!,348102,03:36:00,6100,490,508,Ryan Sylvia,COMEDY,34.81,92.67
70,04-02-2018,Sunday,15:00:00,Eight Things You Should Start Doing This CNY!,726280,07:48:00,8100,454,552,Ryan Sylvia,COMEDY,72.63,94.70
71,28-01-2018,Sunday,21:10:00,Eleven 11 TYPES OF FRIENDS YOU SHOULD GET RID OF IN 2018,2298100,06:45:00,34000,839,2417,JianHao Tan,COMEDY,49.96,97.59
72,26-07-2020,Sunday,15:00:00,Eleven 11 Facts You Need To Know About LEOS,184631,13:44:00,4600,152,1229,Ryan Sylvia,COMEDY,18.47,96.86
73,14-06-2020,Sunday,15:00:00,Eight 8 Types of Bad Habits After Quarantine,331090,09:08:00,6900,195,558,Ryan Sylvia,COMEDY,33.12,97.28
74,20-01-2019,Wednesday,18:00:00,You Are Fired!,1023300,05:08:00,13000,346,807,Wah Banana,COMEDY,77.56,97.51
75,21-07-2019,Sunday,21:00:00,JianHao's Office Tour 2019,2400718,13:13:00,51000,1300,7435,JianHao Tan,Daily Vlogs,52.30,97.38
76,03-11-2018,Saturday,15:00:00,Can You Guess The Price?,318856,08:57:00,5000,215,352,Ryan Sylvia,DO IT FOR MONEY,31.89,95.9
77,07-03-2020,Saturday,15:00:00,Are you the CHEAPEST MOM in Singapore? BOOMER VS Millennials,335926,14:38:00,5800,101,297,Ryan Sylvia,DO IT FOR MONEY,33.59,98.30
78,21-07-2018,Saturday,15:00:00,WHO'S THAT POKEMON?!,409407,08:31:00,5800,191,467,Ryan Sylvia,DO IT FOR MONEY,40.94,96.84
79,19-05-2018,Saturday,15:00:00,ANIMAL WEEK,432376,07:38:00,7500,127,880,Ryan Sylvia,DO IT FOR MONEY,43.24,98.34
80,13-10-2018,Saturday,15:00:00,Celebrities Money Rush!,437430,10:44:00,6800,186,942,Ryan Sylvia,DO IT FOR MONEY,43.74,97.36
81,28-03-2020,Saturday,15:00:00,How Well Do Boyfriends Know Their Girlfriends,443755,14:33:00,8500,131,508,Ryan Sylvia,DO IT FOR MONEY,44.38,98.49
82,10-03-2018,Saturday,15:00:00,HOW WELL DO FILIPINOS KNOW SINGAPORE???,485201,08:15:00,8200,195,854,Ryan Sylvia,DO IT FOR MONEY,48.52,97.68
83,05-05-2018,Saturday,15:00:00,GEOGRAPHY QUIZ #1!,522176,07:08:00,7400,188,594,Ryan Sylvia,DO IT FOR MONEY,52.22,97.55
84,22-12-2019,Sunday,15:00:00,"What would you do with $50,000? | Top Social Problems Faced by Youths Today",246098,13:12:00,5200,87,507,Ryan Sylvia,DO IT FOR MONEY,24.62,98.36
85,17-02-2018,Saturday,15:00:00,Guess The Angbao!,541221,09:37:00,7900,273,516,Ryan Sylvia,DO IT FOR MONEY,54.12,96.70
86,17-11-2018,Saturday,15:00:00,Are Singaporeans True Potterheads?!,596769,11:44:00,9700,191,1135,Ryan Sylvia,DO IT FOR MONEY,59.68,98.08
87,24-02-2018,Saturday,15:00:00,BEACH GIRLS POP CULTURE!,604329,08:25:00,7300,369,850,Ryan Sylvia,DO IT FOR MONEY,60.43,95.22
88,06-10-2019,Sunday,15:00:00,Giving Away Free Meals for Everyone!? ,237461,10:31:00,4200,86,322,Ryan Sylvia,DO IT FOR MONEY,23.75,98.03
89,22-09-2018,Saturday,15:00:00,North Is The Smartest Side Of Singapore?!,735903,09:01:00,8200,238,1528,Ryan Sylvia,DO IT FOR MONEY,73.59,97.20
90,25-08-2019,Sunday,15:00:00,Do Singaporeans Know Asian Geography?,257260,16:21:00,4100,80,309,Ryan Sylvia,DO IT FOR MONEY,25.73,98.12
91,21-07-2019,Sunday,15:00:00,Can Singaporeans Last 45s???,368587,11:36:00,6000,164,416,Ryan Sylvia,DO IT FOR MONEY,36.87,97.38
92,14-07-2019,Sunday,15:00:00,Are Singaporeans Smart Travellers?,330870,12:45:00,5800,157,361,Ryan Sylvia,DO IT FOR MONEY,33.10,97.37
93,30-06-2019,Sunday,15:00:00,Will Singaporeans DIE During An Emergency?,295005,13:10:00,5100,135,422,Ryan Sylvia,DO IT FOR MONEY,29.51,97.43
94,03-03-2018,Saturday,15:13:00,BEACH BOYS SPEED QUIZ,842793,07:56:00,10000,296,693,Ryan Sylvia,DO IT FOR MONEY,84.28,97.19
95,21-04-2018,Saturday,15:00:00,"MARVEL FANS, ASSEMBLE!",906812,13:45:00,9700,341,1515,Ryan Sylvia,DO IT FOR MONEY,90.68,96.93
96,28-07-2018,Saturday,15:00:00,DO SINGAPOREANS KNOW THEIR ALPHABET?!,1189969,09:35:00,12000,460,1195,Ryan Sylvia,DO IT FOR MONEY,100.00,96.33
97,27-01-2019,Sunday,15:00:00,Do Singaporeans Know Looney Tunes?!,336808,11:52:00,4600,128,493,Ryan Sylvia,DO IT FOR MONEY,33.69,97.30
98,03-02-2018,Saturday,15:00:00,Are Singaporeans Smart?!,2412176,08:59:00,27000,1900,2895,Ryan Sylvia,DO IT FOR MONEY,100.00,93.35
99,07-12-2018,Friday,15:00:00,What A Deal What A Steal: The Biggest Christmas Buffet in SG?!,251884,17:02:00,2900,176,384,Ryan Sylvia,DO IT FOR MONEY,25.19,94.35
100,02-11-2018,Friday,15:00:00,"Food King Singapore: What A Deal, What A Steal!",311014,14:58:00,3800,247,321,Ryan Sylvia,Food King Singapore 2018,31.10,94.03
101,30-11-2018,Friday,15:00:00,Food King Singapore: The Biggest Food Court Chain in SG!,383100,16:48:00,4000,236,632,Ryan Sylvia,Food King Singapore 2018,38.31,94.51
102,12-01-2018,Friday,15:00:00,Food King Singapore: Feasting In Bintulu For Under $10?!,395193,12:32:00,4400,173,414,Ryan Sylvia,Food King Singapore 2018,39.52,96.27
103,28-09-2018,Friday,15:00:00,Food King Singapore: Delicious Food That Makes You Beautiful?!,400253,17:03:00,4300,162,443,Ryan Sylvia,Food King Singapore 2018,40.03,96.41
104,20-04-2018,Friday,15:00:00,Food King Singapore: Best Ramen In SG?! (Part 1),409164,10:51:00,4100,245,529,Ryan Sylvia,Food King Singapore 2018,40.92,94.41
105,13-12-2018,Friday,15:00:00,Food King Singapore: The Most Epic Desserts!,423498,13:43:00,4700,151,364,Ryan Sylvia,Food King Singapore 2018,42.35,96.91
106,06-07-2018,Friday,15:03:00,Food King Singapore: All You Need To Know - Itacho Sushi,423547,13:18:00,4800,387,507,Ryan Sylvia,Food King Singapore 2018,42.35,92.62
107,09-02-2018,Friday,15:00:00,Food King Singapore: Next-Gen Hawker Dishes At $4!,423800,10:41:00,4100,169,260,Ryan Sylvia,Food King Singapore 2018,42.38,96.12
108,02-02-2018,Friday,15:00:00,Food King Singapore: Romantic Dining With A View!,436923,14:36:00,4500,157,425,Ryan Sylvia,Food King Singapore 2018,43.69,96.69
109,09-03-2018,Friday,15:00:00,Food King Singapore: Must-Try Artisanal Desserts,453829,13:36:00,5200,179,319,Ryan Sylvia,Food King Singapore 2018,45.38,96.71
110,04-05-2018,Friday,15:15:00,Food King Singapore: Make Yishun Great Again!,468072,13:46:00,4700,232,595,Ryan Sylvia,Food King Singapore 2018,46.81,95.30
111,23-03-2018,Friday,15:00:00,Food King Singapore: Iconic Penang Food Under RM$5?!,475980,13:22:00,4300,180,460,Ryan Sylvia,Food King Singapore 2018,47.60,96.03
112,26-10-2018,Friday,15:00:00,Food King Singapore: 3 Star Dishes At ABC Brickworks!,487766,14:07:00,4600,191,554,Ryan Sylvia,Food King Singapore 2018,48.78,96.07
113,05-10-2018,Friday,15:00:00,Food King Singapore: Keep Calm and Curry On!,488165,15:54:00,4800,176,486,Ryan Sylvia,Food King Singapore 2018,48.82,96.50
114,25-05-2018,Friday,18:32:00,Food King Singapore: Food-King Good Hawker Centre!,496098,11:37:00,4800,204,457,Ryan Sylvia,Food King Singapore 2018,49.61,96
115,28-12-2018,Friday,15:00:00,Food King Singapore: We Found The Most Divine Beef!,502652,16:13:00,4300,211,445,Ryan Sylvia,Food King Singapore 2018,50.27,95.37
116,09-11-2018,Friday,15:00:00,Food King Singapore: The Search for the Ultimate Wanton Mee!,502890,17:02:00,4200,225,658,Ryan Sylvia,Food King Singapore 2018,50.29,94.96
117,15-06-2018,Friday,18:30:00,Food King Singapore: Oldest Restaurant In Singapore?!,504795,14:04:00,4700,203,540,Ryan Sylvia,Food King Singapore 2018,50.48,95.88
118,19-10-2018,Friday,15:00:00,Food King Singapore: All You Need To Know - Black Tap Singapore!,511188,14:08:00,6100,219,657,Ryan Sylvia,Food King Singapore 2018,51.12,96.59
119,08-06-2018,Friday,18:30:00,Food King Singapore: Tastes Of China!,519670,14:10:00,5300,273,796,Ryan Sylvia,Food King Singapore 2018,51.97,95.10
120,16-02-2018,Friday,15:00:00,Food King Singapore: Top 3 Fan Recommendations!,527013,13:01:00,5100,204,342,Ryan Sylvia,Food King Singapore 2018,52.70,96.17
121,31-08-2018,Friday,15:00:00,Food King Singapore: Top 3 Places For Thai Food In SG,540712,15:45:00,5400,178,607,Ryan Sylvia,Food King Singapore 2018,54.07,96.86
122,16-11-2018,Friday,15:00:00,Food King Singapore: Sedap Halal Food Under $10?!,542676,14:00:00,5600,179,559,Ryan Sylvia,Food King Singapore 2018,54.27,96.95
123,30-03-2018,Friday,15:00:00,Food King Singapore: Crazy Porridge Buffet!,543256,13:45:00,4500,195,372,Ryan Sylvia,Food King Singapore 2018,54.33,95.90
124,13-07-2018,Friday,15:00:00,Food King Singapore: 3-Star Nostalgic Classics,544145,14:52:00,5700,155,339,Ryan Sylvia,Food King Singapore 2018,54.41,97.37
125,01-06-2018,Friday,18:30:00,Food King Singapore: Best Bites At Artbox 2018!,545082,10:24:00,5800,182,424,Ryan Sylvia,Food King Singapore 2018,54.51,96.98
126,03-08-2018,Friday,15:00:00,Food King Singapore: Shopping Mall Meals Under $20?!,549809,15:53:00,4800,178,460,Ryan Sylvia,Food King Singapore 2018,54.98,96.47
127,14-09-2018,Friday,15:00:00,Food King Singapore: Are Nathan Hartono's Recommendations Food King Good?!,552652,15:34:00,6100,240,676,Ryan Sylvia,Food King Singapore 2018,55.27,96.25
128,20-07-2018,Friday,15:00:00,Food King Singapore Tries Healthy Food?!,560145,15:37:00,5400,207,497,Ryan Sylvia,Food King Singapore 2018,56.01,96.31
129,24-08-2018,Friday,15:00:00,Food King Singapore: What To Eat At The Food Court?!,567435,15:36:00,5100,260,511,Ryan Sylvia,Food King Singapore 2018,56.74,95.21
130,27-04-2018,Friday,15:00:00,Food King Singapore: Halal Food You Wouldn't Expect!,608807,13:51:00,7600,195,643,Ryan Sylvia,Food King Singapore 2018,60.88,97.50
131,16-03-2018,Friday,15:00:00,Food King Singapore: Best Late Night Supper Buffet?!,641540,13:39:00,5400,210,547,Ryan Sylvia,Food King Singapore 2018,64.15,96.30
132,02-03-2018,Friday,15:00:00,Food King Singapore: Top 10 Potato Chips!,664641,11:36:00,6900,309,1126,Ryan Sylvia,Food King Singapore 2018,66.46,95.74
133,14-10-2018,Friday,15:00:00,Food King Singapore: Michelle Chong Has Raised The Bar!,681010,17:29:00,7000,229,509,Ryan Sylvia,Food King Singapore 2018,68.10,96.86
134,11-05-2018,Friday,15:00:00,Food King Singapore: Crazy $22 Nasi Lemak?!,689260,10:34:00,5900,326,638,Ryan Sylvia,Food King Singapore 2018,68.93,94.80
135,29-06-2018,Friday,15:25:00,Food King Singapore: Shockingly Good Hawker BBQ!!,701468,13:15:00,6300,245,495,Ryan Sylvia,Food King Singapore 2018,70.15,96.30
136,06-04-2018,Friday,15:05:00,Food King Singapore: Biggest Western Food Under $10!,826221,11:03:00,6100,321,780,Ryan Sylvia,Food King Singapore 2018,82.62,95.03
137,05-01-2018,Friday,15:00:00,Food King Singapore: Best Chicken Rice In SG?!,885525,13:28:00,6600,485,1206,Ryan Sylvia,Food King Singapore 2018,88.55,93.23
138,19-01-2018,Friday,15:26:00,Food King Singapore: Top 10 Best Instant Noodles!,976193,11:32:00,9200,1000,1698,Ryan Sylvia,Food King Singapore 2018,97.62,89.94
139,01-03-2019,Friday,15:00:00,Dealicious - What To Do This March Holidays!,230885,10:50:00,3300,209,361,Ryan Sylvia,Food King Singapore 2019,23.09,94.10
140,23-08-2019,Friday,15:00:00,Food King Singapore: $68 Mooncake vs $628 Mooncake!,248840,16:35:00,3100,184,283,Ryan Sylvia,Food King Singapore 2019,24.89,94.44
141,04-01-2019,Friday,15:00:00,What A Deal What A Steal: Seafood That Will Blow Your Mind!,259302,15:22:00,3200,256,588,Ryan Sylvia,Food King Singapore 2019,25.93,92.61
142,06-12-2019,Friday,15:00:00,Food King Singapore: 3 Star Dishes for your Christmas Party!,275829,20:15:00,3100,81,223,Ryan Sylvia,Food King Singapore 2019,27.60,97.46
143,28-06-2019,Friday,15:00:00,Food King Singapore: Best VS Worst: Japan Food Fair,316104,20:36:00,3900,209,524,Ryan Sylvia,Food King Singapore 2019,31.62,94.99
144,15-11-2019,Friday,15:00:00,Food King Singapore: The Biggest Japan Street in SG?!,318780,15:45:00,3700,121,318,Ryan Sylvia,Food King Singapore 2019,31.89,96.87
145,30-08-2019,Friday,15:00:00,Food King Singapore: New Cafes to Visit in 2019!,324245,19:26:00,3500,193,408,Ryan Sylvia,Food King Singapore 2019,32.43,94.90
146,22-11-2019,Friday,15:00:00,Food King Singapore: Grade 5 Wagyu Steak At Only $32!!!,328229,15:19:00,3900,133,341,Ryan Sylvia,Food King Singapore 2019,32.85,96.74
147,11-01-2019,Friday,15:00:00,Food King Singapore: All You Need To Eat For Chinese New Year 2019,331937,18:29:00,3200,151,299,Ryan Sylvia,Food King Singapore 2019,33.19,95.59
148,20-12-2019,Friday,15:00:00,Food King Singapore: Takeouts When You're On A Budget,337691,12:42:00,4000,94,371,Ryan Sylvia,Food King Singapore 2019,33.78,97.74
149,18-01-2019,Friday,15:00:00,Food King Singapore: Pork That Melts In Your Mouth!,350382,12:57:00,3000,152,301,Ryan Sylvia,Food King Singapore 2019,35.05,95.28
150,01-11-2019,Friday,15:00:00,Food King Singapore: Legendary Zi Char to Try in 2019!,352829,15:40:00,3800,90,264,Ryan Sylvia,Food King Singapore 2019,35.31,97.69
151,05-07-2019,Friday,15:00:00,Food King Singapore: Best VS Worst Snacks Of 2019!,356408,19:51:00,3900,177,426,Ryan Sylvia,Food King Singapore 2019,"35,65",95.75
152,13-12-2019,Friday,15:00:00,Food King Singapore: Singapore's Best Bar Food!,382220,17:56:00,4000,99,304,Ryan Sylvia,Food King Singapore 2019,38.25,97.61
153,16-08-2019,Friday,15:00:00,Food King Singapore: The Only Salt Baked Chicken Left In Singapore?!,388029,14:46:00,4200,165,321,Ryan Sylvia,Food King Singapore 2019,38.82,96.30
154,13-09-2019,Friday,15:00:00,Food King Singapore: Pay Whatever You Want At Nando's?!,389607,15:43:00,4200,187,313,Ryan Sylvia,Food King Singapore 2019,38.98,95.75
155,08-11-2019,Friday,15:00:00,Food King Singapore: We Finally Found Good Ramen!,394274,16:05:00,4600,135,262,Ryan Sylvia,Food King Singapore 2019,39.44,91.17
156,11-10-2019,Friday,15:00:00,Food King Singapore: American Tries Singapore Spicy Dishes! (ft. Mari from Smosh!),399001,17:32:00,5300,122,421,Ryan Sylvia,Food King Singapore 2019,39.91,97.78
157,26-07-2019,Friday,15:00:00,Food King Singapore: 1KM Of Food At Sentosa GrillFest!,408137,13:55:00,4700,153,293,Ryan Sylvia,Food King Singapore 2019,40.83,96.90
158,20-09-2019,Friday,15:00:00,Food King Singapore: The Best Duck Rice in Singapore!,420810,15:00:00,4300,113,366,Ryan Sylvia,Food King Singapore 2019,42.10,97.44
159,19-07-2019,Friday,15:00:00,Food King Singapore: Fans' Top Halal Recommendations!,423272,16:15:00,5200,155,413,Ryan Sylvia,Food King Singapore 2019,42.35,97.15
160,19-04-2019,Friday,15:00:00,Food King Singapore: Taste Test With David Foster (Watch Aiken & Dee Audition!),427164,16:17:00,8100,250,463,Ryan Sylvia,Food King Singapore 2019,42.72,97.04
161,27-12-2019,Friday,15:00:00,Food King Singapore: The Most Underrated Hawker Centre Ever?!,427734,13:48:00,4500,146,420,Ryan Sylvia,Food King Singapore 2019,42.77,96.89
162,15-02-2019,Friday,15:00:00,Food King Singapore: Affordable and Delicious Seafood!,433408,16:08:00,3800,142,265,Ryan Sylvia,Food King Singapore 2019,43.36,96.47
163,01-02-2019,Friday,15:00:00,Food King Singapore: Delicious Noodles Under $10!,439157,13:30:00,3600,196,299,Ryan Sylvia,Food King Singapore 2019,43.93,94.97
164,09-08-2019,Friday,15:00:00,Food King Singapore: Cheap and Good Hotpots!,447349,16:59:00,5000,163,443,Ryan Sylvia,Food King Singapore 2019,44.75,96.90
165,02-08-2019,Friday,15:00:00,Food King Singapore: The Crazy Ice-Cream Menu!,450354,19:55:00,5900,192,474,Ryan Sylvia,Food King Singapore 2019,45.05,96.88
166,25-01-2019,Friday,15:00:00,Food King Singapore: Hidden Gems Worth The Travel!,454204,18:19:00,3800,165,349,Ryan Sylvia,Food King Singapore 2019,45.43,95.92
167,27-09-2019,Friday,15:00:00,Food King Singapore: The Most Legendary Char Kway Teow in üá∏üá¨?!,476485,14:52:00,5000,157,417,Ryan Sylvia,Food King Singapore 2019,47.67,96.99
168,10-05-2019,Friday,18:00:00,Food King Singapore: Geylang Serai Bazaar 2019 ft. Munah!,477710,17:39:00,6500,214,515,Ryan Sylvia,Food King Singapore 2019,47.78,96.84
169,06-09-2019,Friday,15:00:00,Food King Singapore: 3 Star Vegetarian Chicken Rice,484686,15:24:00,5900,161,533,Ryan Sylvia,Food King Singapore 2019,48.49,97.37
170,22-02-2019,Friday,15:00:00,Food King Singapore: 3 Star Affordable Meals in Town!,488992,15:52:00,4800,157,313,Ryan Sylvia,Food King Singapore 2019,48.92,96.85
171,21-06-2019,Friday,15:00:00,Food King Singapore: The Best Food at Marine Parade Hawker Centre!,489262,16:50:00,5000,180,591,Ryan Sylvia,Food King Singapore 2019,48.94,96.56
172,04-10-2019,Friday,15:00:00,Food King Singapore: The Spiciest Food in SG?!,531868,16:09:00,5000,172,413,Ryan Sylvia,Food King Singapore 2019,53.21,96.72
173,31-05-2019,Friday,18:21:00,Food King Singapore: $2 Cheap and Good!,560947,16:48:00,7400,195,679,Ryan Sylvia,Food King Singapore 2019,56.11,97.46
174,14-06-2019,Friday,15:00:00,Food King Singapore: The Dish that Made Ryan Close His Restaurant!,561927,20:27:00,5500,182,377,Ryan Sylvia,Food King Singapore 2019,56.21,96.80
175,12-07-2019,Friday,15:00:00,Food King Singapore: 100th Episode Special!!!,783758,04:20:00,9800,2000,750,Ryan Sylvia,Food King Singapore 2019,78.42,97.21
176,08-02-2019,Friday,15:00:00,Food King Singapore: The Best Roti Prata in SG?!,810279,13:34:00,7200,367,1062,Ryan Sylvia,Food King Singapore 2019,81.05,95.16
177,18-10-2019,Friday,15:00:00,Food King Singapore: $2.50 vs $22.80 Instant Food!,952138,21:20:00,8800,292,678,Ryan Sylvia,Food King Singapore 2019,95.21,96.82
178,11-12-2020,Friday,15:00:00,Giving Away $1000 For You To EAT!,139722,19:41:00,1800,73,182,Ryan Sylvia,Food King Singapore 2020,13.98,96.23
179,25-12-2020,Friday,15:00:00,Our New Favourite Hot Pot?!,160189,18:48:00,2300,181,151,Ryan Sylvia,Food King Singapore 2020,16.03,92.85
180,18-12-2020,Friday,15:00:00,All We Want For Christmas Is THIS DISH!,178401,22:58:00,2200,91,206,Ryan Sylvia,Food King Singapore 2020,17.86,96.19
181,04-09-2020,Friday,15:00:00,Food King Singapore: $88 vs $888 Mooncake!,203160,18:24:00,3500,106,349,Ryan Sylvia,Food King Singapore 2020,20.32,97.07
182,27-11-2020,Friday,15:00:00,Why We No Longer Eat Chilli Crab,208431,19:07:00,2400,108,240,Ryan Sylvia,Food King Singapore 2020,20.86,95.83
183,13-11-2020,Friday,15:00:00,We Tried Duck's Brain?!,215998,17:55:00,2800,102,276,Ryan Sylvia,Food King Singapore 2020,21.61,96.49
184,26-06-2020,Friday,15:00:00,Food King Singapore: We Did An ASMR Mukbang!,218999,18:05:00,3600,302,549,Ryan Sylvia,Food King Singapore 2020,21.91,92.36
185,21-02-2020,Friday,15:00:00,Food King Singapore: Healthy Japanese Food Under $8?!,224229,16:47:00,2800,288,257,Ryan Sylvia,Food King Singapore 2020,22.43,90.75
186,06-11-2020,Friday,15:00:00,We Try Cooking With Only An Airfryer!,229137,16:24:00,4100,109,639,Ryan Sylvia,Food King Singapore 2020,22.94,97.44
187,16-10-2020,Friday,15:00:00,What To Order In For Your Next House Party!,241914,18:50:00,3800,103,334,Ryan Sylvia,Food King Singapore 2020,24.21,97.40
188,23-10-2020,Friday,15:00:00,Exquisite Food To Spice Up Your Love Life,249320,18:46:00,3500,114,322,Ryan Sylvia,Food King Singapore 2020,24.96,96.92
189,30-10-2020,Friday,15:00:00,Four dollar $4 vs $140 Instant Food!,250675,15:08:00,3100,124,206,Ryan Sylvia,Food King Singapore 2020,25.09,96.22
190,10-01-2020,Friday,15:00:00,Food King Singapore: The TOP snacks you MUST buy this Chinese New Year,258752,18:05:00,3400,84,248,Ryan Sylvia,Food King Singapore 2020,25.88,97.61
191,02-10-2020,Friday,15:00:00,Snacks You Should NOT Buy!,269279,21:27:00,3700,96,531,Ryan Sylvia,Food King Singapore 2020,26.95,97.50
192,20-11-2020,Friday,15:00:00,Our First Ever Korean Episode!,271481,17:27:00,4000,304,567,Ryan Sylvia,Food King Singapore 2020,27.18,93.03
193,04-12-2020,Friday,15:00:00,The BEST Hawker Food Of 2020!!,276137,16:57:00,4300,127,353,Ryan Sylvia,Food King Singapore 2020,27.64,97.13
194,21-08-2020,Friday,15:00:00,Food King Singapore: We Made The Viral TikTok Cloud Bread!,285137,16:58:00,5500,210,677,Ryan Sylvia,Food King Singapore 2020,28.52,96.33
195,27-11-2020,Friday,15:00:00,Food King Singapore: We Try Pork Biryani For The First Time!,299434,16:30:00,4200,166,483,Ryan Sylvia,Food King Singapore 2020,29.97,96.21
196,28-08-2020,Friday,15:00:00,Food King Singapore: Chicken Rice Ice Cream!,299985,19:21:00,5200,313,584,Ryan Sylvia,Food King Singapore 2020,30.01,94.35
197,18-09-2020,Friday,15:00:00,Is This The Cheapest Hawker Food?!,301438,18:10:00,4700,155,915,Ryan Sylvia,Food King Singapore 2020,30.16,96.86
198,22-05-2020,Friday,19:00:00,Food King Singapore: Order This For Your Family Dinner!,314458,14:12:00,4400,127,467,Ryan Sylvia,Food King Singapore 2020,31.46,97.24
199,03-01-2020,Friday,15:00:00,Food King Singapore: The Most Exotic Chinese New Year Dishes!,328209,17:22:00,4000,98,328,Ryan Sylvia,Food King Singapore 2020,32.82,97.62
200,19-06-2020,Friday,15:00:00,Food King Singapore: Weirdest Snacks You MUST TRY!!,329663,18:15:00,5200,97,485,Ryan Sylvia,Food King Singapore 2020,32.99,98.18
201,07-02-2020,Friday,15:00:00,Food King Singapore: Cheap Taiwanese Food Under $10!,342709,14:24:00,3500,93,287,Ryan Sylvia,Food King Singapore 2020,34.28,97.44
202,11-09-2020,Friday,15:00:00,Halal Food Recommended By Our Exes!,347825,18:29:00,6500,175,748,Ryan Sylvia,Food King Singapore 2020,34.80,97.38
203,09-10-2020,Friday,15:00:00,Three 3 New Food King Hosts?!,352128,18:02:00,5600,198,1544,Ryan Sylvia,Food King Singapore 2020,35.22,96.60
204,06-03-2020,Friday,15:00:00,Food King Singapore: We Had the BEST Movie Theatre Food!,357638,16:27:00,4300,134,632,Ryan Sylvia,Food King Singapore 2020,35.78,97.03
205,24-04-2020,Friday,15:00:00,Food King Singapore: How to Make the BEST Steamed Eggs!,363878,19:16:00,5000,190,586,Ryan Sylvia,Food King Singapore 2020,36.40,96.36
206,15-05-2020,Friday,19:00:00,Food King Singapore: Where To Order The Best Thai Food!,365883,19:00:00,5300,179,668,Ryan Sylvia,Food King Singapore 2020,36.61,96.74
207,17-07-2020,Friday,15:00:00,Food King Singapore: The BEST Nasi Lemak In SG?!,371544,17:34:00,4700,159,629,Ryan Sylvia,Food King Singapore 2020,37.18,96.78
208,08-05-2020,Friday,15:00:00,Food King Singapore: Weird Food Combinations to Try During Circuit Breaker!,381959,19:07:00,5900,171,886,Ryan Sylvia,Food King Singapore 2020,38.21,97.19
209,20-03-2020,Friday,15:00:00,Food King Singapore: We Found the Best Curry Rice!,381984,13:32:00,4300,140,548,Ryan Sylvia,Food King Singapore 2020,38.22,96.86
210,03-04-2020,Friday,15:00:00,Food King Singapore: We Tried Exclusive Dishes at Jewel Changi Airport!,386904,16:18:00,4600,130,403,Ryan Sylvia,Food King Singapore 2020,38.71,97.30
211,01-05-2020,Friday,15:00:00,Food King Singapore: Our New Favourite Hokkien Mee?!,388229,16:36:00,4700,170,458,Ryan Sylvia,Food King Singapore 2020,38.84,96.57
212,07-08-2020,Friday,15:00:00,Food King Singapore: 3 Star Mala Xiang Guo?!,401890,17:39:00,5000,164,628,Ryan Sylvia,Food King Singapore 2020,40.22,96.85
213,12-06-2020,Friday,15:00:00,Food King Singapore: We Cooked a Meal Under 5 Minutes!,413563,23:24:00,6200,155,631,Ryan Sylvia,Food King Singapore 2020,41.36,97.58
214,27-03-2020,Friday,15:00:00,Food King Singapore: Best vs Worst Healthy Instant Food!,417351,19:50:00,5400,192,461,Ryan Sylvia,Food King Singapore 2020,41.76,96.58
215,13-03-2020,Sunday,15:00:00,Food King Singapore: Mind-blowing Food in the North!,470159,14:29:00,5700,167,656,Ryan Sylvia,Food King Singapore 2020,47.04,97.18
216,10-07-2020,Friday,15:00:00,Food King Singapore: TOP FAN Recommendations in the West!,437178,19:22:00,6100,162,619,Ryan Sylvia,Food King Singapore 2020,43.75,97.42
217,31-07-2020,Friday,15:00:00,Food King Singapore: The BEST Halal Chicken Rice?!,438213,16:54:00,5800,164,629,Ryan Sylvia,Food King Singapore 2020,43.85,97.27
218,10-04-2020,Friday,15:00:00,Food King Singapore: Steak That Made Us CRY!,443973,14:50:00,5600,169,659,Ryan Sylvia,Food King Singapore 2020,44.42,97.10
219,17-04-2020,Friday,15:00:00,Food King Singapore: Food Delivery ? Circuit Breaker Edition!,462167,20:23:00,5600,173,576,Ryan Sylvia,Food King Singapore 2020,46.24,97.02
220,24-07-2020,Friday,15:00:00,Food King Singapore: Are Ben Kheng's Recommendations Food King Good?!,500565,19:28:00,7200,215,721,Ryan Sylvia,Food King Singapore 2020,50.10,97.12
221,29-05-2020,Friday,15:00:00,"Food King Singapore: FUNNIEST Moments | Clapbacks, Jokes, And Singing!",595317,01:08:00,11000,151,838,Ryan Sylvia,Food King Singapore 2020,59.63,98.72
222,05-06-2020,Friday,15:00:00,Food King Singapore: $3 vs $300 Food Delivery!,609320,20:55:00,12000,282,1643,Ryan Sylvia,Food King Singapore 2020,60.98,97.83
223,25-09-2020,Friday,15:00:00,Asian Mum VS Uncle Roger's FRIED RICE!,791592,15:53:00,19000,1300,2309,Ryan Sylvia,Food King Singapore 2020,79.23,93.69
224,25-02-2021,Thursday,20:05:00,What To Eat At East Coast Lagoon Food Village! | Food King Livestream,71065,12:00:00,948,34,56,Ryan Sylvia,Food King Singapore 2021,7.11,96.49
225,01-01-2021,Friday,15:02:00,Top SNACKS To Upgrade Your Year!!,141728,18:22:00,2000,151,154,Ryan Sylvia,Food King Singapore 2021,14.17,93.08
226,15-01-2021,Friday,15:00:00,We Try $148 Chinese New Year Snacks! | Food King Singapore,171571,23:14:00,2100,118,213,Ryan Sylvia,Food King Singapore 2021,17.16,94.71
227,22-01-2021,Friday,15:00:00,The ULTIMATE Reunion Dinner Guide! | Food King Singapore,194584,22:11:00,2400,96,194,Ryan Sylvia,Food King Singapore 2021,19.46,96.16
228,05-02-2021,Friday,15:00:00,Valentine's Day In A Hawker Centre?!,203702,19:12:00,2700,84,221,Ryan Sylvia,Food King Singapore 2021,20.37,97.06
229,08-01-2021,Friday,15:00:00,New Hawker Food You Must Try in 2021!,214517,13:46:00,3500,90,245,Ryan Sylvia,Food King Singapore 2021,21.45,97.54
230,12-02-2021,Friday,15:00:00,Our Last Episode After 3 Years! | Food King Singapore,231125,18:16:00,2900,139,300,Ryan Sylvia,Food King Singapore 2021,23.11,95.44
231,29-01-2021,Friday,15:00:00,Are Minister Edwin Tong's Recommendations Food King Good?!,256750,17:40:00,6100,157,409,Ryan Sylvia,Food King Singapore 2021,25.67,97.53
232,06-12-2020,Sunday,15:00:00,THE TRUTH: REAL GAMERS ONLY,251441,10:00:00,2000,115,262,Ryan Sylvia,GAMER,25.16,94.77
233,31-01-2021,Sunday,18:00:00,How People Quarantine Around the World,136613,03:37:00,5100,102,569,Wah Banana,How People_,10.33,98.07
234,24-01-2021,Sunday,17:55:00,How People React to MAGIC,131946,06:07:00,4600,51,360,Wah Banana,How People_,10.00,98.93
235,11-10-2020,Sunday,18:00:00,Tall People Problems,392501,04:22:00,10000,167,1134,Wah Banana,How People_,29.90,98.48
236,20-09-2020,Sunday,17:57:00,How People Play Rock Paper Scissors,233950,03:47:00,6600,137,1065,Wah Banana,How People_,17.80,98.00
237,05-04-2020,Sunday,17:29:00,Reactions to Singapore's New COVID-19 Measures,451456,03:22:00,9700,186,820,Wah Banana,How People_,34.22,98.13
238,01-09-2019,Sunday,18:00:00,How People Lie,695553,04:05:00,13000,359,792,Wah Banana,How People_,52.73,97.40
239,02-06-2019,Sunday,17:42:00,How People Order Food Online,1199056,03:37:00,16000,435,778,Wah Banana,How People_,90.88,97.40
240,28-04-2019,Sunday,17:47:00,People During Emergencies,643546,03:16:00,11000,275,701,Wah Banana,How People_,48.78,97.67
241,24-03-2019,Sunday,18:00:00,How People Laugh,622571,03:00:00,15000,382,1863,Wah Banana,How People_,47.18,97.62
242,24-02-2019,Sunday,18:00:00,People In A Dance Class,1229829,04:18:00,19000,436,1081,Wah Banana,How People_,93.21,97.76
243,03-02-2019,Sunday,18:00:00,How People Eat Hotpot,2424877,04:00:00,21000,674,1518,Wah Banana,How People_,100,97.02
244,30-12-2018,Sunday,18:00:00,People During Countdown,1077446,04:38:00,15000,418,1273,Wah Banana,How People_,81.62,97.45
245,16-12-2018,Sunday,18:00:00,People During Christmas Gift Exchange,1379310,04:49:00,13000,439,909,Wah Banana,How People_,100,96.75
246,02-12-2018,Sunday,18:00:00,How People Quarrel,825873,03:43:00,12000,297,923,Wah Banana,How People_,62.57,97.76
247,07-10-2018,Sunday,18:00:00,People During Exams,3309855,04:44:00,33000,1400,2881,Wah Banana,How People_,100,95.92
248,12-08-2018,Sunday,18:00:00,People Doing Presentations,486417,04:35:00,8800,206,683,Wah Banana,How People_,36.85,97.72
249,24-06-2018,Sunday,18:00:00,People During World Cup Season,644940,04:48:00,8100,232,712,Wah Banana,How People_,48.86,97.22
250,03-06-2018,Sunday,17:47:00,Things We Do Before Sleep,785615,03:50:00,13000,291,1622,Wah Banana,How People_,59.52,97.84
251,22-04-2018,Sunday,18:00:00,How People Pose For Cameras,956688,04:29:00,14000,322,855,Wah Banana,How People_,72.48,97.87
252,14-07-2018,Saturday,15:00:00,How To Choose Your Career?,127377,11:12:00,3600,108,316,Ryan Sylvia,How To_,12.74,97.15
253,15-11-2020,Sunday,15:00:00,How To Make Your Home Cozy & Modern! (MYSTERY HOUSE TOUR),449316,03:45:00,7200,251,910,Ryan Sylvia,How To_,45.44,96.67
254,18-10-2020,Sunday,17:59:00,How To Save A Mistake,575497,05:11:00,14000,191,923,Wah Banana,How To_,43.78,98.70
255,23-08-2020,Sunday,15:00:00,How To Work Smart And Not Hard,214151,13:39:00,400,272,1697,Ryan Sylvia,How To_,21.42,93.64
256,26-07-2020,Sunday,18:00:00,How To Catch A Simp,304669,06:53:00,8900,228,1064,Wah Banana,How To_,23.14,97.52
257,12-07-2020,Sunday,15:00:00,How To Deal With Bullies,530992,14:37:00,11000,271,1622,Ryan Sylvia,How To_,53.19,97.63
258,17-03-2018,Saturday,15:00:00,How To Deal With Sexual Harassment?,346521,10:00:00,6200,387,790,Ryan Sylvia,How To_,34.65,94.18
259,19-04-2020,Sunday,15:08:00,How to Survive a Virus Pandemic,284065,02:58:00,4600,287,621,Ryan Sylvia,How To_,28.43,94.13
260,19-04-2020,Sunday,17:34:00,How To Spot A F Boy,465898,05:22:00,11000,215,878,Wah Banana,How To_,35.36,98.11
261,12-01-2020,Sunday,18:00:00,How To Spot Toxic Friends,529680,05:04:00,11000,193,763,Wah Banana,How To_,40.18,98.34
262,05-01-2020,Sunday,17:50:00,How To Get Her Number In 2020,408822,04:21:00,9700,233,740,Wah Banana,How To_,31.01,97.66
263,15-09-2019,Sunday,18:00:00,How to Piss Off Your GF,427025,04:37:00,10000,198,766,Wah Banana,How To_,32.36,98.14
264,19-05-2019,Sunday,17:28:00,How To Break A Singaporean,788191,04:07:00,13000,357,851,Wah Banana,How To_,59.75,97.51
265,03-02-2019,Sunday,15:00:00,How To Huat This Chinese New Year!,704100,09:37:00,7000,536,471,Ryan Sylvia,How To_,70.43,92.92
266,05-05-2019,Sunday,20:56:00,Boy or Girl?  - Gender Reveal Party,5339368,11:04:00,128000,2100,22723,JianHao Tan,IT'S PERSONAL(Series about my life),100.00,98.36
267,21-04-2019,Sunday,21:00:00,Q&A With Future Wife,1875179,01:23:00,51000,883,12615,JianHao Tan,IT'S PERSONAL(Series about my life),40.85,98.30
268,14-04-2019,Sunday,21:00:00,We're Having a Baby!,4451105,10:12:00,125000,1900,33794,JianHao Tan,IT'S PERSONAL(Series about my life),96.97,98.48
269,17-03-2019,Sunday,20:48:00,The Big Surprise Proposal - JianHao Tan & Debbie,8038075,21:10:00,244000,3700,44749,JianHao Tan,IT'S PERSONAL(Series about my life),100.00,98.48
270,16-10-2019,Wednesday,15:00:00,We Have A HUGE Announcement!,116452,01:01:00,1700,79,227,Ryan Sylvia,kNOCK OUT! (Reality Show),11.65,95.75
271,08-03-2020,Sunday,15:00:00,What we HATE about each other | kNOCk Out EXPOSED,324366,18:34:00,5800,244,670,Ryan Sylvia,kNOCK OUT! (Reality Show),32.45,96.00
272,01-03-2020,Sunday,15:00:00,The Truth Behind Our First Reality Show | kNOCk Out EXPOSED,372384,23:21:00,5700,142,372,Ryan Sylvia,kNOCK OUT! (Reality Show),37.24,97.59
273,23-02-2020,Sunday,15:00:00,Who Will WIN? | kNOCk Out Grand Finale (with JianHao Tan & Dee Kosh),528536,09:10:00,10000,326,3333,Ryan Sylvia,kNOCK OUT! (Reality Show),52.87,96.99
274,16-02-2020,Sunday,15:00:00,Secret HACKS To Make You An Instagram Star (with Andrea Chong) | kNOCk Out Episode 7,348302,09:37:00,5800,342,1641,Ryan Sylvia,kNOCK OUT! (Reality Show),34.84,94.51
275,09-02-2020,Sunday,15:00:00,"Who Wore it BEST? Fashion Dress Up Challenge (with Rachel from Love, Bonito) | kNOCk Out Episode 6",367061,10:45:00,5400,1000,2600,Ryan Sylvia,kNOCK OUT! (Reality Show),36.71,84.49
276,02-02-2020,Sunday,15:00:00,Judges CRY at Most Heartbreaking Elimination (with Munah) | kNOCk Out Episode 5,410602,08:43:00,6500,1300,1994,Ryan Sylvia,kNOCK OUT! (Reality Show),41.07,82.91
277,26-01-2020,Sunday,15:00:00,Harshest Host ROASTS Contestant with Attitude (with Dee Kosh) | kNOCk Out Episode 4,553086,12:18:00,7200,461,1559,Ryan Sylvia,kNOCK OUT! (Reality Show),55.33,94.04
278,19-01-2020,Sunday,15:00:00,BEST 5 Seconds Slow Motion in Swimming Pool WINS $1000! (with RRILEY) | kNOCk Out Episode 3,594558,05:58:00,6900,522,1899,Ryan Sylvia,kNOCK OUT! (Reality Show),59.47,93.04
279,12-01-2020,Sunday,15:00:00,Contestant FORGOT Her Lines On Stage (with Nathan Hartono) | kNOCk Out Episode 2,431279,08:33:00,6000,370,1277,Ryan Sylvia,kNOCK OUT! (Reality Show),43.14,94.28
280,05-01-2020,Sunday,15:00:00,Judges REACT to the WORST auditions (with JianHao Tan) | kNOCk Out Episode 1,622929,13:26:00,10000,1000,2051,Ryan Sylvia,kNOCK OUT! (Reality Show),62.30,91.04
281,30-08-2020,Sunday,21:00:00,The Titan Talent Show ($100 for Everyone),1363753,22:20:00,41000,861,4839,JianHao Tan,Life of JianHao,29.71,97.95
282,16-08-2020,Sunday,21:00:00,Try Not To Get MAD Challenge!,1916477,18:59:00,56000,1000,5574,JianHao Tan,Life of JianHao,41.75,98.09
283,02-08-2020,Sunday,21:00:00,SURPRISING MY WIFE WITH HER DREAM CAR AFTER PRANKI...,1254963,12:37:00,45000,1100,5466,JianHao Tan,Life of JianHao,27.34,97.58
284,14-07-2019,Sunday,21:00:00,JianHao Tan and Debbie's Wedding,5104887,08:39:00,187000,2500,25354,JianHao Tan,Life of JianHao,100.00,98.67
285,22-04-2018,Sunday,21:19:00,"MY $12,000 LIFE-SIZED IRON MAN SUIT",747417,10:05:00,17000,964,5346,JianHao Tan,Life of JianHao,16.26,94.80
286,05-04-2019,Friday,15:44:00,Three 3 Ways to Treat Yourself in April!,217319,10:44:00,2500,117,268,Ryan Sylvia,LIFESTYLE VIDEOS,21.73,95.69
287,20-09-2020,Sunday,15:00:00,Greatest Ramyun Cook Off with Singapore?s Worst Chefs?!,213322,14:27:00,3600,114,357,Ryan Sylvia,LIFESTYLE VIDEOS,21.37,96.98
288,06-09-2020,Sunday,15:00:00,Destroying Online Haters in a Rage Room??,195516,11:59:00,6000,266,1007,Ryan Sylvia,LIFESTYLE VIDEOS,19.56,95.80
289,02-08-2020,Sunday,15:00:00,WE SURPRISED OUR BOSSES?? | #NOC? 1 Million Specia,449475,19:42:00,14000,208,1264,Ryan Sylvia,LIFESTYLE VIDEOS,44.98,98.57
290,31-05-2020,Sunday,15:00:00,We Got A Divorce,1870582,20:53:00,52000,2100,9120,Ryan Sylvia,LIFESTYLE VIDEOS,100.00,96.09
291,12-04-2020,Sunday,15:00:00,COVID-19 Coronavirus Test!,353953,01:46:00,5200,249,812,Ryan Sylvia,LIFESTYLE VIDEOS,35.43,95.90
292,15-12-2019,Sunday,15:00:00,Cute Couple in Love! Music Test with Fans!,602754,07:08:00,9700,215,1574,Ryan Sylvia,LIFESTYLE VIDEOS,60.31,97.83
293,08-12-2019,Sunday,15:00:00,Girl Cries At Work | What Would You Do? | Social Experiment,701636,23:05:00,17000,270,1258,Ryan Sylvia,LIFESTYLE VIDEOS,70.20,98.48
294,24-11-2019,Sunday,15:00:00,Lies You Still Believe On The Internet! Myth Busted!,428826,15:28:00,12000,359,556,Ryan Sylvia,LIFESTYLE VIDEOS,42.90,97.28
295,10-11-2019,Sunday,15:00:00,Health Ed Test With Fans! Who Is Smarter?,264086,01:27:00,3600,116,568,Ryan Sylvia,LIFESTYLE VIDEOS,26.42,96.93
296,03-11-2019,Sunday,15:00:00,Our New House Tour! | 4K Home Theater,896751,15:43:00,10000,413,1064,Ryan Sylvia,LIFESTYLE VIDEOS,89.71,96.33
297,27-10-2019,Sunday,15:00:00,Our New House Tour! | $2 Million Apartment,1103866,19:59:00,14000,942,1602,Ryan Sylvia,LIFESTYLE VIDEOS,100.00,93.94
298,07-07-2019,Sunday,11:00:00,My Biggest Regret,315637,09:49:00,8400,130,577,Ryan Sylvia,LIFESTYLE VIDEOS,31.56,98.49
299,16-06-2019,Sunday,15:00:00,Math Test With Fans! Who Is Smarter?,989079,23:45:00,9600,475,1659,Ryan Sylvia,LIFESTYLE VIDEOS,98.91,95.29
300,09-06-2019,Sunday,15:00:00,Spicy Mala Challenge With Fans!,600118,22:48:00,7500,295,1592,Ryan Sylvia,LIFESTYLE VIDEOS,60.03,96.25
301,21-04-2019,Sunday,15:00:00,BLACKPINK - 'Kill This Love' - Dance Challenge in High Heels,1029884,15:00:00,16000,939,2639,Ryan Sylvia,LIFESTYLE VIDEOS,100.00,94.70
302,06-01-2019,Sunday,15:00:00,What To Do After O Level?,316334,11:32:00,5000,257,813,Ryan Sylvia,LIFESTYLE VIDEOS,31.64,95.17
303,23-06-2018,Saturday,15:00:00,Best Ladies Night Deals In Singapore,105992,06:12:00,2600,96,202,Ryan Sylvia,LIFESTYLE VIDEOS,10.60,96.45
304,28-02-2021,Sunday,15:00:00,Welcome To Aiken's Bachelor Pad! 3 Room Flat Makeover,358204,04:40:00,7900,168,612,Ryan Sylvia,LIFESTYLE VIDEOS,35.48,97.96
305,15-09-2018,Saturday,15:00:00,Crazy Diets on The Internet,174756,09:24:00,2400,209,306,Ryan Sylvia,LIFESTYLE VIDEOS,17.48,92.19
306,16-12-2018,Sunday,15:00:00,NOC Try Not To Laugh Challenge!,1092867,17:28:00,14000,498,1341,Ryan Sylvia,LIFESTYLE VIDEOS,100.00,96.64
307,28-10-2018,Sunday,15:00:00,NOC Mystery Challenge,423299,13:02:00,5700,193,375,Ryan Sylvia,LIFESTYLE VIDEOS,42.33,96.75
308,17-06-2018,Sunday,15:00:00,Challenge: So You Think You Can Shoot!,835062,16:27:00,10000,369,3928,Ryan Sylvia,LIFESTYLE VIDEOS,83.51,96.64
309,10-06-2018,Sunday,15:00:00,NOC Special Announcement,294982,03:40:00,5500,250,840,Ryan Sylvia,LIFESTYLE VIDEOS,29.50,95.69
310,20-01-2021,Sunday,18:00:00,Sliding Into DMs Is Totally Acceptable? -MasterDebater Ep 1,114802,21:54:00,3900,86,848,Wah Banana,Master Debater,8.76,97.85
311,03-06-2018,Sunday,15:00:00,Mega Bloopers 15,1061642,08:04:00,8900,318,633,Ryan Sylvia,NOC Behind The Scenes,100.00,96.57
312,10-08-2018,Friday,15:00:00,Cooking Up A Storm with Bangladeshi Migrant Workers!,146098,14:03:00,3600,93,305,Ryan Sylvia,NOC Nailed it!,14.61,97.54
313,21-12-2018,Friday,15:00:00,Simple & Impressive Christmas Dishes with Aurelia!,212093,12:28:00,2600,111,399,Ryan Sylvia,NOC Nailed it!,21.21,95.97
314,23-11-2018,Friday,15:00:00,Cooking with MasterChef Champion Zander Ng!,274061,12:53:00,4500,129,443,Ryan Sylvia,NOC Nailed it!,27.41,97.22
315,21-09-2018,Friday,15:00:00,Cooking with Aiken's Mom on a Budget!,294608,13:53:00,4400,94,403,Ryan Sylvia,NOC Nailed it!,29.46,97.93
316,13-04-2018,Friday,15:05:00,Mapo Tofu with Victoria!,317890,08:21:00,3300,109,423,Ryan Sylvia,NOC Nailed it!,31.79,96.87
317,23-02-2018,Friday,15:00:00,Making Tacos with Dee Kosh!,556164,06:57:00,6100,274,471,Ryan Sylvia,NOC Nailed it!,55.62,95.77
318,22-06-2018,Friday,15:00:00,Making The Most Beautiful Dish with Sya Sya!,610828,12:25:00,8300,331,711,Ryan Sylvia,NOC Nailed it!,61.08,96.17
319,14-10-2018,Sunday,15:00:00,Short Film: The Table,241313,10:37:00,5000,288,896,Ryan Sylvia,NOC Short Films,24.13,94.56
320,14-01-2018,Sunday,15:00:00,"Short Film: Dear, Replace The Batteries",297205,03:47:00,5700,697,613,Ryan Sylvia,NOC Short Films,29.72,89.23
321,01-09-2018,Saturday,15:00:00,All You Need to Know about LASIK,87962,06:16:00,1800,56,167,Ryan Sylvia,NOC Spotlight,8.80,97.11
322,07-07-2018,Saturday,15:00:00,Crazy Bar Deals Under $5 in Singapore,88114,05:37:00,2200,59,130,Ryan Sylvia,NOC Spotlight,8.81,97.41
323,06-10-2018,Saturday,15:00:00,Kids Special: Is Eczema Contagious?,95735,06:04:00,2800,65,0,Ryan Sylvia,NOC Spotlight,9.57,97.70
324,01-12-2018,Saturday,15:00:00,Painting Challenge! Who Is The Better Artist?,109193,10:22:00,1700,61,189,Ryan Sylvia,NOC Spotlight,10.92,96.66
325,28-04-2018,Saturday,15:00:00,Things You Don't Know About Sensitive Skin!,131470,10:31:00,2300,100,836,Ryan Sylvia,NOC Spotlight,13.15,95.89
326,09-06-2018,Saturday,15:00:00,Hidden Secrets of the Beauty Industry,160306,09:51:00,2800,138,249,Ryan Sylvia,NOC Spotlight,16.03,95.45
327,18-08-2018,Saturday,15:00:00,The Truth About Being An Actor,182859,09:58:00,4200,95,279,Ryan Sylvia,NOC Spotlight,18.29,97.83
328,29-09-2018,Saturday,15:00:00,Are Singaporeans Anti-Gay?,193359,05:30:00,3800,313,884,Ryan Sylvia,NOC Spotlight,19.34,92.47
329,12-05-2018,Saturday,15:00:00,What You Should Not Do in a Grab,233569,06:23:00,3400,180,452,Ryan Sylvia,NOC Spotlight,23.36,95.11
330,15-12-2018,Saturday,15:00:00,Axe Throwing Challenge! Aiken vs Aurelia,252856,10:55:00,2800,179,394,Ryan Sylvia,NOC Spotlight,25.29,94.17
331,14-04-2018,Saturday,15:00:00,Things You Must Know About Online Dating,271429,16:59:00,3200,173,245,Ryan Sylvia,NOC Spotlight,27.14,94.95
332,26-05-2018,Saturday,15:00:00,History of Sanitary Pads,278754,09:20:00,4900,278,810,Ryan Sylvia,NOC Spotlight,27.88,94.63
333,04-08-2018,Saturday,15:00:00,What Happens to Abandoned Pets?,290186,08:35:00,5600,105,529,Ryan Sylvia,NOC Spotlight,29.02,98.18
334,31-03-2018,Saturday,15:00:00,History of Bras,395957,10:00:00,6000,728,964,Ryan Sylvia,NOC Spotlight,39.60,89.21
335,20-10-2018,Saturday,15:00:00,NOC Visits A Haunted House!!!,553327,12:17:00,10000,230,2769,Ryan Sylvia,NOC Spotlight,55.33,97.77
336,30-06-2018,Saturday,15:00:00,EVERYTHING ABOUT WORLD CUP,1037240,06:30:00,11000,372,1284,Ryan Sylvia,NOC Spotlight,100.00,96.79
337,29-11-2020,Sunday,21:00:00,Thirteen 13 Types of Mobile Gamers,2759570,12:59:00,82000,2300,13201,JianHao Tan,RECOMMENDED(TOP PICK),60.12,97.25
338,22-11-2020,Sunday,21:00:00,Ten 10 People You'll Meet at Every Birthday Party,4680140,11:34:00,126000,2800,19570,JianHao Tan,RECOMMENDED(TOP PICK),100.00,97.76
339,18-10-2020,Sunday,21:31:00,Thirteen Types of Among Us Players,15417557,13:21:00,263000,12000,22677,JianHao Tan,RECOMMENDED(TOP PICK),100.00,95.51
340,06-09-2020,Sunday,21:00:00,New Students vs Seniors: Who is the Smartest Stude...,1852025,10:04:00,52000,993,7627,JianHao Tan,RECOMMENDED(TOP PICK),40.35,98.14
341,23-08-2020,Sunday,21:00:00,Reacting To My FIRST VIDEO from 10 YEARS Ago!,1462028,15:01:00,70000,846,8156,JianHao Tan,RECOMMENDED(TOP PICK),31.85,98.82
342,29-06-2020,Sunday,21:00:00,Twenty 20 Types of People in Face Masks,6412375,10:03:00,122000,3100,10123,JianHao Tan,RECOMMENDED(TOP PICK),100.00,97.47
343,31-05-2020,Sunday,21:00:00,Eleven 11 Types of People Stuck at Home,4114592,10:43:00,119000,2200,10684,JianHao Tan,RECOMMENDED(TOP PICK),89.64,98.15
344,24-05-2020,Sunday,21:00:00,Reacting to The Titan Academy Fandom!,1590406,16:36:00,63000,1000,9489,JianHao Tan,RECOMMENDED(TOP PICK),34.65,98.35
345,12-04-2020,Sunday,21:00:00,Saying GOODBYE to All My Friends,846272,10:28:00,29000,501,5107,JianHao Tan,RECOMMENDED(TOP PICK),18.44,98.34
346,05-04-2020,Sunday,21:00:00,Who Is Most Likely To... Cheat?,2048358,13:39:00,67000,1200,7377,JianHao Tan,RECOMMENDED(TOP PICK),44.63,98.24
347,08-12-2019,Sunday,21:00:00,I am paying for the movie myself!,736173,03:28:00,33000,452,6412,JianHao Tan,RECOMMENDED(TOP PICK),16.04,98.67
348,18-08-2019,Sunday,21:00:00,Eleven 11 Types of Single Guys Everyone Hates,5308746,10:48:00,98000,2400,7903,JianHao Tan,RECOMMENDED(TOP PICK),100.00,97.54
349,23-06-2019,Sunday,20:59:00,Spider-Man Reunion + Cooking Challenge (w Tom Holl...,1349698,10:05:00,36000,678,3431,JianHao Tan,RECOMMENDED(TOP PICK),29.41,98.15
350,20-01-2019,Sunday,21:00:00,Everything You Need To Know About Me - Q&A,786626,12:50:00,23000,490,9283,JianHao Tan,RECOMMENDED(TOP PICK),17.14,97.94
351,23-12-2018,Sunday,20:59:00,Eleven 11 Types of People at a Party,9959427,10:42:00,126000,5700,11143,JianHao Tan,RECOMMENDED(TOP PICK),100.00,95.66
352,16-12-2018,Sunday,21:22:00,A Week in Dubai,2657009,07:20:00,43000,1200,8759,JianHao Tan,RECOMMENDED(TOP PICK),57.89,97.27
353,09-09-2018,Sunday,21:00:00,Rich People VS Normal People,28380054,10:07:00,275000,17000,17270,JianHao Tan,RECOMMENDED(TOP PICK),100.00,94.27
354,29-07-2018,Sunday,21:00:00,OFFICE LIFE: EXPECTATION vs REALITY,7770664,09:06:00,80000,3900,6166,JianHao Tan,RECOMMENDED(TOP PICK),100.00,95.31
355,01-07-2018,Sunday,21:00:00,Thirteen 13 TYPES OF PEOPLE WHO PLAY FOOTBALL (SOCCER),13424457,07:34:00,112000,6200,10629,JianHao Tan,RECOMMENDED(TOP PICK),100.00,94.77
356,01-04-2018,Sunday,21:03:00,Eight 8 TYPES OF PREGNANT WOMEN,9227275,06:15:00,86000,3700,5146,JianHao Tan,RECOMMENDED(TOP PICK),100.00,95.86
357,11-03-2018,Sunday,18:15:00,Eight 8 WAYS TO REJECT A GUY NICELY,6427345,04:24:00,103000,2300,5749,JianHao Tan,RECOMMENDED(TOP PICK),100.00,97.74
358,25-02-2018,Sunday,20:58:00,Nine 9 TYPES OF PEOPLE IN BED,9040417,05:03:00,93000,2400,5743,JianHao Tan,RECOMMENDED(TOP PICK),100.00,97.43
359,18-02-2018,Sunday,20:49:00,Eleven 11 TYPES OF DRIVERS EVERYONE HATES,8104958,06:58:00,79000,2500,5487,JianHao Tan,RECOMMENDED(TOP PICK),100.00,96.93
360,14-02-2021,Sunday,18:00:00,Does She Like Me?!,137544,03:25:00,5200,48,401,Wah Banana,Short Film Wannabe,10.42,99.09
361,10-01-2021,Sunday,18:00:00,My Parents My Age VS Me,204627,04:09:00,6400,123,412,Wah Banana,Short Film Wannabe,15.50,98.13
362,03-01-2021,Sunday,18:00:00,Ghosted by My Girlfriend,155944,03:22:00,5100,90,466,Wah Banana,Short Film Wannabe,11.87,98.29
363,30-12-2020,Sunday,18:00:00,God's Plan For 2021,189410,06:24:00,7300,304,848,Wah Banana,Short Film Wannabe,14.42,96.01
364,20-12-2020,Sunday,17:50:00,Bargaining in Asia,229574,05:10:00,7800,98,593,Wah Banana,Short Film Wannabe,17.53,98.76
365,13-12-2020,Sunday,18:00:00,Gen Z Imposter Among Us,121859,04:59:00,4600,137,466,Wah Banana,Short Film Wannabe,9.26,97.14
366,09-12-2020,Sunday,18:00:00,Rules We Broke in School,538573,06:04:00,13000,313,1087,Wah Banana,Short Film Wannabe,41.11,97.73
367,29-11-2020,Sunday,17:55:00,The Queen's Armpit (The Queen's Gambit Parody),191361,03:39:00,6600,88,783,Wah Banana,Short Film Wannabe,14.57,98.67
368,08-11-2020,Sunday,18:00:00,Ah Bengs! Jobhunting During A Pandemic,188449,04:24:00,6200,129,370,Wah Banana,Short Film Wannabe,14.37,97.97
369,04-10-2020,Sunday,18:00:00,Seven 7 Reasons You Need Contact Lenses,138774,03:55:00,4800,286,496,Wah Banana,Short Film Wannabe,10.53,94.42
370,23-08-2020,Sunday,17:58:00,"Kidnapped, Who Would You Call?",245514,06:59:00,8600,132,934,Wah Banana,Short Film Wannabe,18.65,98.49
371,16-08-2020,Sunday,17:58:00,Don't Wake Her Up,188206,05:02:00,7200,173,685,Wah Banana,Short Film Wannabe,14.26,97.66
372,09-08-2020,Sunday,18:00:00,Singapore Bootcamp for Foreigners,413070,07:06:00,10000,190,1492,Wah Banana,Short Film Wannabe,31.40,98.20
373,28-06-2020,Sunday,18:00:00,Humans After the Pandemic,289541,04:51:00,8800,140,716,Wah Banana,Short Film Wannabe,21.98,98.44
374,21-06-2020,Sunday,18:00:00,Genie in the Storeroom,204918,05:59:00,7500,87,644,Wah Banana,Short Film Wannabe,15.55,98.87
375,07-06-2020,Sunday,18:00:00,The Interview To Heaven,435057,05:47:00,12000,365,1006,Wah Banana,Short Film Wannabe,33.03,97.27
376,31-05-2020,Sunday,17:51:00,Couple Therapy Gone Wrong,344771,06:22:00,9700,151,954,Wah Banana,Short Film Wannabe,26.15,98.47
377,24-05-2020,Sunday,17:52:00,The Scam Call,409933,04:49:00,11000,197,976,Wah Banana,Short Film Wannabe,31.14,98.27
378,17-05-2020,Sunday,17:45:00,Covid's Got Talent,255820,07:17:00,8300,393,766,Wah Banana,Short Film Wannabe,19.39,95.48
379,26-04-2020,Sunday,18:00:00,Aliens In Singapore,469745,04:53:00,9700,216,1348,Wah Banana,Short Film Wannabe,35.65,97.83
380,29-03-2020,Sunday,15:21:00,Sixtynine 69 Things To Do At Home During Quarantine,796036,06:01:00,16000,452,1478,Wah Banana,Short Film Wannabe,60.38,97.39
381,23-02-2020,Sunday,18:00:00,My Father's Treasure,324914,05:40:00,9100,158,642,Wah Banana,Short Film Wannabe,24.64,98.30
382,09-02-2020,Sunday,17:42:00,Kiasu Singaporeans During CoronaVirus Outbreak,934602,06:14:00,19000,628,1472,Wah Banana,Short Film Wannabe,70.83,96.90
383,02-02-2020,Sunday,18:00:00,Realistic New Year Resolutions,504963,05:08:00,9000,149,468,Wah Banana,Short Film Wannabe,38.31,98.37
384,25-01-2020,Sunday,18:00:00,Ridiculous CNY Origins,424017,04:55:00,9000,226,635,Wah Banana,Short Film Wannabe,32.16,97.56
385,29-12-2019,Sunday,18:00:00,Who Will Win Her Heart - Second Time In Tokyo,341469,14:15:00,6800,172,782,Wah Banana,Short Film Wannabe,25.88,97.53
386,24-11-2019,Sunday,18:00:00,Criminals of Singapore,1116431,06:37:00,17000,463,1331,Wah Banana,Short Film Wannabe,84.66,97.36
387,15-02-2018,Thursday,17:10:00,The Queuing Dilemma,580738,05:12:00,9400,343,724,Wah Banana,Short Film Wannabe,44,96.51
388,10-11-2019,Sunday,17:47:00,Which Couple Will Break Up First?,731164,05:41:00,16000,304,640,Wah Banana,Short Film Wannabe,55.42,98.20
389,22-09-2019,Sunday,17:53:00,My friend Is A Ghost,794298,05:22:00,14000,335,1241,Wah Banana,Short Film Wannabe,60.20,97.69
390,08-09-2019,Sunday,18:00:00,Ten 10 Inventions From The Future,1003398,04:42:00,16000,343,667,Wah Banana,Short Film Wannabe,76.05,97.94
391,25-08-2019,Sunday,18:00:00,Annual Meeting of Ghosts and Monsters,433148,03:55:00,9100,249,616,Wah Banana,Short Film Wannabe,32.83,97.36
392,30-06-2019,Sunday,17:21:00,News Reporters Fighting On Air!,307073,05:11:00,8100,250,572,Wah Banana,Short Film Wannabe,23.27,97.04
393,03-03-2019,Sunday,18:00:00,Politically Correct People,928162,04:34:00,13000,404,593,Wah Banana,Short Film Wannabe,70.36,97.10
394,27-01-2019,Sunday,18:00:00,Inside Out - CNY Edition,787390,04:23:00,13000,354,906,Wah Banana,Short Film Wannabe,59.67,97.43
395,13-01-2019,Sunday,18:09:00,Bird Box Parody,1103138,04:39:00,22000,757,1970,Wah Banana,Short Film Wannabe,83.59,96.72
396,28-10-2018,Sunday,18:00:00,Boyfriend Boot Camp,1237478,04:31:00,20000,476,1524,Wah Banana,Short Film Wannabe,93.75,97.70
397,14-10-2018,Sunday,17:43:00,Scare Actor Audition,447561,07:39:00,8300,324,608,Wah Banana,Short Film Wannabe,33.91,96.25
398,16-09-2018,Sunday,18:00:00,Bosses' Dilemmas,750081,05:03:00,11000,276,701,Wah Banana,Short Film Wannabe,56.82,97.62
399,26-08-2018,Sunday,18:00:00,A tWiStEd Story,909562,05:12:00,16000,719,1523,Wah Banana,Short Film Wannabe,68.91,95.77
400,22-07-2018,Sunday,18:44:00,The Most Unlucky Guy In Town,1219566,03:53:00,19000,520,970,Wah Banana,Short Film Wannabe,92.39,97.34
401,04-02-2018,Sunday,17:52:00,The Unfaithful Ones And Their Lovers - Valentine's Day Special,679219,03:23:00,11000,303,731,Wah Banana,Short Film Wannabe,52.82,97.37
402,21-06-2020,Sunday,15:00:00,The New Normal | TDAP Episode 5,215549,14:46:00,5200,148,594,Ryan Sylvia,TDAP: The Delicate Art of Production (With celebrity),21.56,97.25
403,22-03-2020,Sunday,15:00:00,Virus and Pranks! | TDAP Episode 4,329146,16:21:00,5400,265,613,Ryan Sylvia,TDAP: The Delicate Art of Production (With celebrity),32.92,95.40
404,26-05-2019,Sunday,15:00:00,Pink Chicken | TDAP Episode 3,540993,19:40:00,7100,256,867,Ryan Sylvia,TDAP: The Delicate Art of Production (With celebrity),54.11,96.52
405,31-03-2019,Sunday,15:00:00,Ctrl + Z Undo | TDAP Episode 2,364420,14:18:00,5500,171,467,Ryan Sylvia,TDAP: The Delicate Art of Production (With celebrity),36.45,96.99
406,24-03-2019,Sunday,15:00:00,Okcurrr | TDAP Episode 1,422033,13:36:00,6300,177,537,Ryan Sylvia,TDAP: The Delicate Art of Production (With celebrity),42.21,97.29
407,23-06-2019,Sunday,18:00:00,Terence 'The Detective' Then,308552,04:12:00,7100,357,541,Wah Banana,Terence's hacks,23.38,95.22
408,21-01-2018,Sunday,17:37:00,The Killer Game EP1 - The Best Detective VS The Best Liar.,1766821,23:57:00,21000,1200,5512,Wah Banana,The Killer Game Season 1,100,94.35
409,23-05-2018,Wednesday,18:00:00,"The Killer Game by Uniqlo S2EP1 - Who is the MVP, Jinnyboy or Fish?",433956,18:18:00,6100,170,1151,Wah Banana,The Killer Game Season 2,32.88,97.32
410,18-12-2019,Wednesday,17:30:00,Killer Game Vampire Invasion S3EP1 - The Best Game Show Is Back!,340972,16:04:00,8000,136,2291,Wah Banana,The Killer Game Season 3,25.84,98.33
411,08-04-2020,Wednesday,18:00:00,Killer Game S4E1 Super Killer Edition - Keiji Hates Fake Detectives,303541,16:09:00,7200,115,1355,Wah Banana,The Killer Game Season 4,23.01,98.45
412,28-02-2021,Sunday,21:00:00,Sixteen 16 Types Of People Watching Disney+,772701,11:44:00,43000,655,5503,JianHao Tan,The Titan Academy(School Series),16.21,98.53
413,27-12-2020,Sunday,21:00:00,Top 23 Moments of 2020!,996673,17:04:00,38000,748,4723,JianHao Tan,The Titan Academy(School Series),21.71,98.10
414,09-08-2020,Sunday,21:00:00,Twelve 12 Types of People on TikTok,5091879,15:05:00,123000,4000,20264,JianHao Tan,The Titan Academy(School Series),100.00,96.85
415,19-07-2020,Sunday,21:00:00,Eleven 11 Types of Students AFTER Lockdown,4285735,12:04:00,116000,2700,10235,JianHao Tan,The Titan Academy(School Series),93.37,97.71
416,14-06-2020,Sunday,21:00:00,Seventeen 17 Teachers You'll Meet in Every Online Class,7491659,16:40:00,178000,3600,31611,JianHao Tan,The Titan Academy(School Series),100.00,97.97
417,26-04-2020,Sunday,21:00:00,Seventeen 17 Types of Students in an Online Class,14158785,17:06:00,272000,6200,29754,JianHao Tan,The Titan Academy(School Series),100.00,97.77
418,19-04-2020,Sunday,21:00:00,What Have The Students Been Up To?,1315486,12:34:00,50000,668,9632,JianHao Tan,The Titan Academy(School Series),28.66,98.71
419,15-03-2020,Sunday,21:00:00,New Students Take The Lie Detector Test,3172709,19:54:00,69000,1400,7053,JianHao Tan,The Titan Academy(School Series),69.12,98.00
420,08-03-2020,Sunday,21:00:00,Eleven 11 New Students You'll See in Every School,9531159,13:22:00,172000,5400,18626,JianHao Tan,The Titan Academy(School Series),100.00,96.92
421,02-02-2020,Sunday,21:00:00,Thirteen 13 Types of Students Doing Homework,8141716,16:23:00,140000,3600,12657,JianHao Tan,The Titan Academy(School Series),100.00,97.48
422,29-12-2019,Sunday,21:00:00,Top 20 Student Moments,5117088,11:36:00,11800,2000,14580,JianHao Tan,The Titan Academy(School Series),100.00,98.30
423,15-12-2019,Sunday,21:00:00,Fourteen14 Types of Students After School,10450165,14:45:00,165000,4200,21677,JianHao Tan,The Titan Academy(School Series),100.00,97.47
424,17-11-2019,Sunday,21:00:00,Twelve 12 Types of Reactions to Exam Results,19037344,15:02:00,260000,9400,26627,JianHao Tan,The Titan Academy(School Series),100.00,96.52
425,03-11-2019,Sunday,21:00:00,Boys vs Girls: Who is the Smartest Student?,4181119,01:14:59,77000,2100,12478,JianHao Tan,The Titan Academy(School Series),91.09,97.30
426,13-10-2019,Sunday,21:00:00,Thirteen 13 Types of Students on Exam Day,17715567,16:10:00,249000,7800,24472,JianHao Tan,The Titan Academy(School Series),100.00,96.97
427,08-09-2019,Sunday,21:00:00,"Exam Results, Bullying and the End of ClassT1T5 - Students Answer Your Questions",2587943,07:47:00,50000,852,13474,JianHao Tan,The Titan Academy(School Series),56.38,98.35
428,01-09-2019,Sunday,21:00:00,Good Teachers Vs Bad Teachers,29373043,14:17:00,422000,14000,52082,JianHao Tan,The Titan Academy(School Series),100.00,96.60
429,25-08-2019,Sunday,20:51:00,Into The Classroom - Behind The Scenes with ClassT1T5,4213950,20:00:00,96000,1300,11437,JianHao Tan,The Titan Academy(School Series),91.81,98.61
430,28-07-2019,Sunday,21:00:00,Thirteen 13 Types of Students in Group Projects,13436661,14:56:00,185000,6200,18525,JianHao Tan,The Titan Academy(School Series),100.00,96.76
431,19-05-2019,Sunday,19:48:00,Twelve 12 Types of Students During Recess,17630262,11:43:00,222000,8900,29405,JianHao Tan,The Titan Academy(School Series),100.00,96.15
432,31-03-2019,Sunday,21:00:00,Eleven 11 Types of Student Relationships,12484055,12:15:00,160000,5000,24019,JianHao Tan,The Titan Academy(School Series),100.00,96.97
433,03-03-2019,Sunday,21:00:00,Sixteen 16 Types of Students on Picture Day,24894854,21:45:00,325000,11000,41761,JianHao Tan,The Titan Academy(School Series),100.00,96.66
434,17-02-2019,Sunday,21:00:00,Students Answer Your Questions,4350204,17:59:00,69000,1400,19803,JianHao Tan,The Titan Academy(School Series),94.78,98.01
435,06-01-2019,Sunday,21:02:00,Back to School: Expectations vs Reality,17518740,10:39:00,208000,7500,30937,JianHao Tan,The Titan Academy(School Series),100.00,96.50
436,18-11-2018,Sunday,20:57:00,Thirteen 13 Types of Students After Exams,33738782,10:27:00,315000,21000,29468,JianHao Tan,The Titan Academy(School Series),100.00,93.59
437,28-10-2018,Sunday,19:00:00,Eleven 11 Types of Students in an Exam,32585502,10:28:00,302000,16000,21823,JianHao Tan,The Titan Academy(School Series),100.00,94.72
438,07-10-2018,Sunday,21:29:00,Twelve 12 Types of Students Before Exams,17730486,12:23:00,173000,6800,17764,JianHao Tan,The Titan Academy(School Series),100.00,96.22
439,12-08-2018,Sunday,20:32:00,Nine 9 TYPES OF STUDENTS IN SCHOOL,19898287,10:40:00,204000,8000,23662,JianHao Tan,The Titan Academy(School Series),100.00,96.24
440,24-01-2021,Sunday,21:00:00,Thirteen 13 Types of Students in Every Math Class,2233328,11:02:00,91000,2300,10592,JianHao Tan,The Titan Academy(School Series),50.50,97.50
441,13-12-2020,Sunday,21:00:00,How People React To Bad Christmas Gifts,1495426,12:52:00,64000,1500,10224,JianHao Tan,The Titan Academy(School Series),32.58,97.59
442,08-11-2020,Sunday,21:00:00,Twelve 12 Ways To Make New Friends in School,1687751,09:21:00,67000,1000,8367,JianHao Tan,The Titan Academy(School Series),37.16,97.83
443,04-10-2020,Sunday,21:00:00,Nine 9 Types of Students in a Test,2953264,09:21:00,97000,3000,11843,JianHao Tan,The Titan Academy(School Series),65.07,97.44
444,13-09-2020,Sunday,21:00:00,Thirteen 13 Types of Students in Show and Tell,3141940,13:42:00,89000,2100,11486,JianHao Tan,The Titan Academy(School Series),68.45,97.61
445,15-07-2018,Sunday,20:59:00,Twelve 12 TEACHERS YOU'LL NEVER WANT TO MEET,26286203,05:38:00,292000,14000,25699,JianHao Tan,The Titan Academy(School Series),100.00,95.31
446,13-05-2018,Sunday,21:40:00,GOOD STUDENTS vs BAD STUDENTS,38739400,08:43:00,394000,21000,50251,JianHao Tan,The Titan Academy(School Series),100.00,94.89
447,22-12-2019,Sunday,21:00:00,"Giving Friends $23,000 to Spend in 1 Hour (+ React...",2765215,18:38:00,111000,1500,21269,JianHao Tan,TITAN CHRISTMAS SPECIAL,60.24,98.66
448,29-03-2020,Sunday,21:00:00,Life Before vs After the Virus,8436101,13:26:00,163000,4300,14836,JianHao Tan,TITAN QUARANTINE(Content from all of Titan),100.00,97.43
449,16-02-2020,Sunday,21:00:00,Nine 9 People You'll See During a Virus Outbreak,8018837,14:03:00,146000,4400,13059,JianHao Tan,TITAN QUARANTINE(Content from all of Titan),100.00,97.03
450,28-07-2019,Sunday,15:00:00,The Ultimate Singlish Guide,635366,06:12:00,15000,553,938,Ryan Sylvia,TOP PICKS (Our Favs!),63.56,96.48
451,23-12-2018,Sunday,15:00:00,[5K] Santa Baby in 7 Styles | 21:9,388333,13:57:00,10000,503,1382,Ryan Sylvia,TOP PICKS (Our Favs!),38.83,95.22
452,12-05-2019,Sunday,15:00:00,Tick Tock,331039,18:47:00,15000,140,1669,Ryan Sylvia,TOP PICKS (Our Favs!),33.10,99.12
453,19-08-2018,Sunday,18:00:00,Wah!Banana Trailer 2018,373671,01:03:00,5600,230,574,Wah Banana,Trailer,28.31,96.09
454,09-06-2019,Sunday,21:00:00,Seven 7 Days in Bali,2405740,10:20:00,56000,1400,13031,JianHao Tan,TRAVEL,52.41,97.55
455,09-12-2018,Sunday,21:10:00,I Sent My Best Friend And Sister To Lombok,537214,14:35:00,12000,247,3588,JianHao Tan,TRAVEL,11.68,98.07
456,02-12-2018,Sunday,19:48:00,"Nine 9 Things You MUST Do in Osaka, Japan",1759950,16:38:00,30000,884,5803,JianHao Tan,TRAVEL,38.26,97.23
457,04-11-2018,Sunday,20:57:00,Five 5 Days in Indonesia Challenge (Lake Toba),696592,14:26:00,19000,382,5150,JianHao Tan,TRAVEL,15.14,98.06
458,21-10-2018,Sunday,21:00:00,Our First Time in New York City!,2222535,11:30:00,38000,1000,7813,JianHao Tan,TRAVEL,48.32,97.30
459,06-08-2018,Sunday,20:51:00,PARADISE ON EARTH - MALDIVES 2018,1184077,05:12:00,18000,531,3148,JianHao Tan,TRAVEL,25.74,97.23
460,08-04-2018,Sunday,21:00:00,GIRLFRIEND'S BIRTHDAY TRIP - TAIWAN,4230850,10:46:00,52000,1500,9422,JianHao Tan,TRAVEL,91.97,97.20
461,11-02-2018,Sunday,20:54:00,"ANOTHER HOLIDAY! (Krabi, Thailand)",1478342,06:31:00,17000,675,2379,JianHao Tan,TRAVEL,32.21,96.35
462,14-01-2018,Sunday,20:56:00,"HOW I STARTED MY YEAR (Danang, Vietnam)",3824118,10:39:00,42000,1500,10425,JianHao Tan,TRAVEL,83.13,96.53
463,15-09-2019,Sunday,15:00:00,Things to do in Japan üáØüáµ We Showered NAKED Together?!,613765,02:29:00,3700,138,391,Ryan Sylvia,TRAVEL GUIDES,61.40,96.41
464,08-09-2019,Sunday,15:00:00,"What to Eat and Do in Chugoku, Japan (NOC Travel Guide)üáØüáµ",579366,19:58:00,3800,114,391,Ryan Sylvia,TRAVEL GUIDES,57.94,97.10
465,28-04-2019,Sunday,15:00:00,"We Got Pickpocketed In Madrid, Spain!?",524697,18:15:00,7000,304,1130,Ryan Sylvia,TRAVEL GUIDES,52.48,95.86
466,11-11-2018,Sunday,15:00:00,"28 Best Things to Do In Kyoto, Japan",299929,17:40:00,4400,168,397,Ryan Sylvia,TRAVEL GUIDES,29.99,96.38
467,04-11-2018,Sunday,15:00:00,"NOC Takes On Borobudur, Indonesia!",336742,14:09:00,5500,119,628,Ryan Sylvia,TRAVEL GUIDES,33.67,97.91
468,21-10-2018,Sunday,15:00:00,"25 Best Things to Do In Bangkok, Thailand",751027,17:08:00,9800,394,712,Ryan Sylvia,TRAVEL GUIDES,75.10,96.17
469,05-08-2018,Sunday,16:00:00,[4K] Singapore Like You've Never Seen Before,701129,10:39:00,3200,1000,3480,Ryan Sylvia,TRAVEL GUIDES,70.11,97
470,21-01-2018,Sunday,15:00:00,"[4K] Hidden Gems in Medan, Indonesia (NOC Travel Guide!)",334267,11:10:00,4800,104,791,Ryan Sylvia,TRAVEL GUIDES,33.43,97.91
471,07-01-2018,Sunday,15:00:00,"[4K] Hidden Gems in Bintulu, Malaysia (NOC Travel Guide!)",426570,12:26:00,5900,203,894,Ryan Sylvia,TRAVEL GUIDES,42.66,96.72
472,21-02-2021,Sunday,18:00:00,LoWkEy FLEX,151088,05:11:00,5500,57,361,Wah Banana,Types Of,11.45,98.99
473,15-01-2021,Sunday,18:00:00,Types Of Annoying Mothers-In-Law,193160,05:12:00,5900,71,298,Wah Banana,Types Of,14.63,98.83
474,27-12-2020,Sunday,18:00:00,Types Of Masseuses,168528,03:57:00,5300,66,364,Wah Banana,Types Of,12.81,98.79
475,23-12-2020,Sunday,18:00:00,People You Want to Slap On X'mas,211878,05:37:00,7500,109,703,Wah Banana,Types Of,16.18,98.58
476,16-12-2020,Sunday,18:00:00,Types of Proposals,211649,05:52:00,7100,82,656,Wah Banana,Types Of,16.11,98.86
477,06-12-2020,Sunday,18:59:00,Gamers On Blind Dates,129981,05:26:00,4400,145,395,Wah Banana,Types Of,9.88,96.85
478,22-11-2020,Sunday,17:53:00,Singaporean In Hollywood Movies,299197,04:24:00,8400,149,792,Wah Banana,Types Of,22.79,98.28
479,15-11-2020,Sunday,18:00:00,Types of Local Christmas Shoppers,520526,05:42:00,6700,177,563,Wah Banana,Types Of,39.50,97.46
480,25-10-2020,Sunday,17:37:00,Types of Hikers,192634,05:12:00,6200,86,659,Wah Banana,Types Of,14.63,98.65
481,13-09-2020,Sunday,17:57:00,Boardgames In Real Life,284419,04:54:00,8100,142,557,Wah Banana,Types Of,21.63,98.29
482,03-07-2020,Sunday,15:00:00,Types Of Voters,283053,10:00:00,6700,321,853,Ryan Sylvia,Types Of,29.96,96.21
483,14-06-2020,Sunday,18:30:00,Types Of People On FaceTime,361324,05:20:00,9900,134,673,Wah Banana,Types Of,27.43,98.67
484,10-05-2020,Sunday,17:58:00,Millennials in Every Online Meeting,364357,06:44:00,8700,256,741,Wah Banana,Types Of,27.66,97.17
485,29-03-2020,Sunday,15:00:00,Types of People During The Coronavirus Pandemic,804721,20:46:00,11000,717,979,Ryan Sylvia,Types Of,80.54,94.11
486,22-03-2020,Sunday,17:27:00,The Worst Housemates,570138,05:24:00,10000,190,594,Wah Banana,Types Of,43.27,98.23
487,15-03-2020,Sunday,18:00:00,You Are Single For A Reason 2,442147,04:52:00,11000,155,717,Wah Banana,Types Of,33.50,98.64
488,13-01-2019,Friday,15:00:00,Types Of Shoppers During Chinese New Year,597585,11:18:00,7100,874,548,Ryan Sylvia,Types Of,59.77,89.06
489,27-10-2019,Sunday,18:00:00,Types of People in French Class,1223734,04:35:00,19000,447,1516,Wah Banana,Types Of,92.78,97.80
490,20-10-2019,Sunday,18:00:00,Twenty 20 Shows In 4 Minutes,441085,03:47:00,10000,341,618,Wah Banana,Types Of,33.44,96.81
491,29-09-2019,Sunday,15:00:00,Types of Annoying Passengers,595579,14:06:00,8000,325,662,Ryan Sylvia,Types Of,59.59,96.12
492,29-09-2019,Sunday,18:00:00,The Worst Security Guards,761963,06:40:00,13000,411,611,Wah Banana,Types Of,57.77,96.95
493,18-08-2019,Sunday,15:00:00,Types of People At F1 Grand Prix,355543,10:38:00,4800,408,385,Ryan Sylvia,Types Of,35.56,92.19
494,04-08-2019,Sunday,15:00:00,Types of Eaters,852962,13:53:00,9800,688,1384,Ryan Sylvia,Types Of,85.30,94.35
495,21-07-2019,Sunday,18:00:00,Our Little Brain Farts,793371,03:51:00,16000,282,974,Wah Banana,Types Of,60.14,98.31
496,12-05-2019,Sunday,17:59:00,Mothers Around The World,2358875,04:19:00,50000,1800,5849,Wah Banana,Types Of,100,96.51
497,14-04-2019,Sunday,15:00:00,Types of Mobile Gamers!,613630,10:59:00,6600,417,1013,Ryan Sylvia,Types Of,61.38,94.07
498,31-03-2019,Sunday,18:00:00,The Girl On The Polaroid,451871,02:47:00,11000,299,1989,Wah Banana,Types Of,34.25,97.53
499,17-03-2019,Sunday,17:52:00,Three 3 Types Of People,1767381,03:52:00,24000,735,3089,Wah Banana,Types Of,100,97.10
500,10-03-2019,Sunday,18:00:00,Types Of People In The Theme Park,890139,04:05:00,12000,283,740,Wah Banana,Types Of,67.47,97.76
501,03-03-2019,Sunday,15:00:00,Types of Annoying Millennials,920162,13:44:00,11000,514,2385,Ryan Sylvia,Types Of,92.02,95.66
502,26-03-2018,Monday,18:18:00,Things People Do Before Travelling,1182858,05:21:00,12000,381,675,Wah Banana,Types Of,89.61,97.13
503,24-02-2019,Sunday,15:00:00,Types of Singaporean Complain Kings,654530,10:59:00,7200,403,521,Ryan Sylvia,Types Of,65.47,94.71
504,20-01-2019,Sunday,15:00:00,Types Of Characters In Chinese Dramas,537734,13:39:00,7500,414,694,Ryan Sylvia,Types Of,53.78,94.81
505,09-12-2018,Sunday,15:00:00,Types of People On New Year Eve,646405,11:29:00,7600,462,797,Ryan Sylvia,Types Of,64.64,94.29
506,09-12-2018,Sunday,18:00:00,12 Zodiac Signs In The Gym,2428663,06:02:00,56000,2400,9305,Wah Banana,Types Of,100,95.80
507,18-11-2018,Sunday,18:16:00,Types Of Grab Passengers,1612313,05:01:00,18000,601,1034,Wah Banana,Types Of,100,96.86
508,04-11-2018,Sunday,17:52:00,Girls You Meet On Blind Dates,908843,04:21:00,13000,309,695,Wah Banana,Types Of,68.85,97.74
509,09-09-2018,Sunday,17:34:00,Your Stingy Friends,1564693,05:11:00,15000,486,810,Wah Banana,Types Of,100,97.02
510,02-09-2018,Sunday,17:45:00,People When They Are Sick,1361839,04:53:00,17000,398,1241,Wah Banana,Types Of,100,97.78
511,08-07-2018,Sunday,17:50:00,Calling the Customer Service,869615,07:15:00,12000,366,743,Wah Banana,Types Of,65.88,97.06
512,01-07-2018,Sunday,17:51:00,Short People Problems,3196409,03:57:00,37000,1100,2813,Wah Banana,Types Of,100,97.05
513,10-06-2018,Sunday,17:43:00,Things Dad Do,1158005,05:03:00,14000,500,1164,Wah Banana,Types Of,86.97,96.72
514,06-05-2018,Sunday,18:00:00,Our Imaginary Bossess,1473161,04:05:00,18000,403,811,Wah Banana,Types Of,100,97.83
515,29-04-2018,Sunday,17:41:00,12 Countries Surprise Singapore,870712,03:48:00,11000,786,1124,Wah Banana,Types Of,65.96,93.63
516,03-03-2018,Sunday,17:27:00,Our Imaginary Teachers,2873562,03:25:00,31000,877,1854,Wah Banana,Types Of,100,97.26
517,25-02-2018,Sunday,18:16:00,Our Imaginary Parents,3111353,05:46:00,36000,972,2763,Wah Banana,Types Of,100,97.39
518,11-02-2018,Sunday,17:49:00,12 Zodiac Signs At Reunion Dinner,2162898,04:16:00,53000,2300,9772,Wah Banana,Types Of,100,95.76
519,14-01-2018,Sunday,18:00:00,Types of People in the Lift,2442231,05:06:00,23000,849,1404,Wah Banana,Types Of,100,96.49
520,07-01-2018,Sunday,18:00:00,Honest Professional,791316,03:20:00,10000,256,595,Wah Banana,Types Of,59.95,97.72
521,01-11-2020,Sunday,15:00:00,My New Home! | Smart House Tour & A CAR Giveaway?!,1010236,01:40:00,18000,915,1655,Ryan Sylvia,VLOGS,100.00,95.37
522,10-05-2020,Sunday,15:00:00,Most Painful HOSPITAL Experience in My Life | Burning High Fever for 4 DAYS!?,672943,15:19:00,12000,514,2100,Ryan Sylvia,VLOGS,67.32,96.09
523,05-04-2020,Sunday,15:00:00,"Ultimate Taipei FOOD TOUR GUIDE! | Street Food, Hot Pots & More!",303366,23:45:00,4300,117,492,Ryan Sylvia,VLOGS,30.36,97.36
524,20-10-2019,Sunday,15:30:00,Old House Tour | Saying Goodbye To Our Old NOC Home,453912,13:10:00,5400,148,1607,Ryan Sylvia,VLOGS,45.41,97.35
525,05-05-2019,Sunday,15:00:00,Struggling To Pass Our Diving Exam!,205804,14:46:00,3700,63,322,Ryan Sylvia,VLOGS,20.58,98.34
526,27-05-2018,Sunday,15:00:00,Vlog #16: Sylvia's 1st Vacation In 9 Years!,271262,10:36:00,5400,170,526,Ryan Sylvia,VLOGS,27.13,97
527,18-02-2018,Sunday,15:48:00,Vlog #14: Why Sikeen & Sylvia Hate Each Other!,514683,09:37:00,6700,207,918,Ryan Sylvia,VLOGS,51.47,97.01
528,01-11-2020,Sunday,17:46:00,Angmo VS Singaporean VS True Blue Singaporean,306592,04:08:00,10000,208,1059,Wah Banana,VS,23.36,97.99
529,27-09-2020,Sunday,18:00:00,First 1st Day vs 1 Year At Work,340778,04:37:00,9000,102,532,Wah Banana,VS,25.91,98.88
530,06-09-2020,Sunday,18:00:00,Eighteen 18 vs 25,477223,05:42:00,14000,192,919,Wah Banana,VS,36.29,98.68
531,02-08-2020,Sunday,18:00:00,Their Problems VS My Problems,599327,04:41:00,13000,224,808,Wah Banana,VS,45.60,98.42
532,12-07-2020,Sunday,18:00:00,Perfect Boyfriend VS Your Boyfriend,288906,03:30:00,8700,126,1001,Wah Banana,VS,21.92,98.57
533,19-01-2020,Sunday,17:59:00,BROS FOR LIFE,327723,03:23:00,7800,153,448,Wah Banana,VS,24.85,98.08
534,15-12-2019,Sunday,17:53:00,UNDERCOVER VS GANG,373110,05:09:00,7700,172,487,Wah Banana,VS,28.29,97.82
535,08-12-2019,Sunday,18:00:00,Boomer vs Millennial,937303,04:26:00,17000,488,2010,Wah Banana,VS,71.03,97.35
536,16-06-2019,Sunday,18:00:00,Childhood VS Adulthood,1096041,04:04:00,16000,425,1043,Wah Banana,VS,83.06,97.49
537,26-05-2019,Sunday,18:00:00,Boyfriend vs AI,825065,03:59:00,13000,360,1036,Wah Banana,VS,62.53,97.48
538,23-12-2018,Sunday,18:00:00,You With Date vs You With Friends,997919,03:42:00,14000,369,693,Wah Banana,VS,75.60,97.44
539,11-11-2018,Sunday,17:28:00,iPhone vs Android,4093411,03:33:00,8300,6100,8151,Wah Banana,VS,100,93.21
540,13-05-2018,Sunday,17:54:00,Your Mother vs My Mother,20955533,04:43:00,262000,9200,19065,Wah Banana,VS,100,96.91
541,18-03-2018,Sunday,17:38:00,People My Age VS Me,1735511,03:16:00,22000,631,976,Wah Banana,VS,100,97.26
542,11-03-2018,Sunday,18:43:00,You As Student VS Grown Up,1873454,04:00:00,17000,601,754,Wah Banana,VS,100,96.71
543,21-02-2021,Sunday,15:00:00,Fourty 40 Staff vs $888 - What Happens When,104170,17:07:00,2500,50,559,Ryan Sylvia,What Happens When,10.42,98.07
544,14-02-2021,Sunday,15:00:00,What Happens When We Get Attacked By Monkeys On Valentine? Day,165437,19:59:00,2000,138,621,Ryan Sylvia,What Happens When,16.54,93.76
545,07-02-2021,Sunday,15:00:00,What Happens When A 32-Year Old Single Man Tries To Impress A Maid!,441836,23:55:00,1800,182,695,Ryan Sylvia,What Happens When,44.18,90.97
546,12-01-2020,Sunday,21:00:00,What to Expect in 2020,902443,11:46:00,34000,529,5195,JianHao Tan,RECOMMENDED(TOP PICK),19.62,98.48
547,17-05-2020,Sunday,21:00:00,A Day in JianHao's Life as a Dad (In Quarantine),2610309,11:21:00,77000,1200,12856,JianHao Tan,Baby Starley,56.87,98.44
548,19-01-2020,Sunday,21:00:00,"Meet Our Baby, Starley!",3430441,11:12:00,96000,1700,13312,JianHao Tan,Baby Starley,74.74,98.26
549,22-09-2019,Sunday,21:00:00,"Welcome to the World, Baby Starley",7199141,10:18:00,233000,2900,39734,JianHao Tan,Baby Starley,100.00,98.76
550,05-08-2018,Sunday,18:38:00,Singapore in 2118,1846391,04:33:00,22000,880,2265,Wah Banana,Bananas' Choice,100,96.21
551,27-05-2018,Sunday,17:38:00,My Girlfriend is Sherlock Holmes,2103684,04:13:00,27000,673,1641,Wah Banana,Bananas' Choice,100,97.61
552,28-01-2018,Sunday,17:38:00,Gaming Evolution,582051,05:41:00,15000,492,1670,Wah Banana,Bananas' Choice,44.09,96.90
553,27-09-2020,Sunday,15:00:00,DUMB Mistakes We Make On Set (FUNNY),190246,09:45:00,3400,50,239,Ryan Sylvia,BEHIND THE SCENES,19.02,98.59
554,24-05-2020,Sunday,15:00:00,Try Not To Laugh! *DELETED SCENES*,324774,14:42:00,5200,111,385,Ryan Sylvia,BEHIND THE SCENES,32.51,97.92
555,29-12-2019,Sunday,15:00:00,NOC Recap 2019,181689,11:55:00,4800,87,438,Ryan Sylvia,BEHIND THE SCENES,18.17,98.26
556,17-03-2019,Sunday,15:00:00,Are You A Game of Thrones Fan?,170397,05:07:00,3400,302,432,Ryan Sylvia,BEHIND THE SCENES,17.04,91.86
557,12-08-2018,Sunday,15:00:00,BTS: Singapore Like You‚Äôve Never Seen Before,225226,13:12:00,4300,109,682,Ryan Sylvia,BEHIND THE SCENES,22.52,97.57
558,11-02-2018,Sunday,15:00:00,Mr Wong's Hokkien Word of the Day Ep 10: Zodiac 2018,241927,05:43:00,3600,178,409,Ryan Sylvia,BEHIND THE SCENES,24.19,95.41
559,18-03-2018,Sunday,21:00:00,SPICY MUKBANG CHALLENGE,4105976,11:28:00,52000,1500,6356,JianHao Tan,CHALLENGES,89.45,97.07
560,04-03-2018,Sunday,19:30:00,YOUTUBER DODGEBALL CHALLENGE,6321944,13:50:00,71000,3000,11494,JianHao Tan,CHALLENGES,100.00,96.32